USE bd_guia_juegos
GO

-- Tablas -------------------------------------------------------
-- --------------------------------------------------------------
CREATE TABLE GJ_Juegos (
	Id INT PRIMARY KEY IDENTITY(1,1),
	Nombre VARCHAR(50) NOT NULL,
	Descripcion VARCHAR(256) NOT NULL,
	Img VARCHAR(256) NOT NULL,
	Estado BIT NOT NULL
)
GO

CREATE TABLE GJ_Personajes (
	Id INT PRIMARY KEY IDENTITY(1,1),
	Nombre VARCHAR(50) NOT NULL,
	Descripcion VARCHAR(256) NOT NULL,
	Img VARCHAR(256) NOT NULL,
	Id_Juego INT NOT NULL,
	FOREIGN KEY (Id_Juego) REFERENCES GJ_Juegos(Id)
)
GO

CREATE TABLE GJ_Fuentes (
	Id INT PRIMARY KEY IDENTITY(1,1),
	Nombre VARCHAR(50) NOT NULL,
	Img VARCHAR(256) NOT NULL,
	Id_Juego INT NOT NULL,
	FOREIGN KEY (Id_Juego) REFERENCES GJ_Juegos(Id),
)
GO

CREATE TABLE GJ_FondosImg (
	Id INT PRIMARY KEY IDENTITY(1,1),
	Img VARCHAR(256) NOT NULL,
	Id_Juego INT NOT NULL,
	FOREIGN KEY (Id_Juego) REFERENCES GJ_Juegos(Id),
)
GO

CREATE TABLE GJ_Guias (
	Id INT PRIMARY KEY IDENTITY(1,1),
	Nombre VARCHAR(100) NOT NULL,
	Orden INT NOT NULL,
	Id_Juego INT NOT NULL,
	FOREIGN KEY (Id_Juego) REFERENCES GJ_Juegos(Id),
)
GO

CREATE TABLE GJ_GuiasUsuario (
	Id_Guia INT NOT NULL,
	Id_Usuario VARCHAR(256) NOT NULL,
	Estado BIT NOT NULL,
	PRIMARY KEY (Id_Guia, Id_Usuario),
	FOREIGN KEY (Id_Guia) REFERENCES GJ_Guias(Id),
)
GO

CREATE TABLE GJ_Aventuras (
	Id INT PRIMARY KEY IDENTITY(1,1),
	Descripcion VARCHAR(800) NOT NULL,
	Importante BIT NOT NULL,
	Orden INT NOT NULL,
	Id_Guia INT NOT NULL,
	FOREIGN KEY (Id_Guia) REFERENCES GJ_Guias(Id),
)
GO

CREATE TABLE GJ_AventurasUsuario (
	Id_Aventura INT NOT NULL,
	Id_Usuario VARCHAR(256) NOT NULL,
	Estado BIT NOT NULL,
	PRIMARY KEY (Id_Aventura, Id_Usuario),
	FOREIGN KEY (Id_Aventura) REFERENCES GJ_Aventuras(Id),
)
GO

CREATE TABLE GJ_AventurasImg (
	Id INT PRIMARY KEY IDENTITY(1,1),
	Img VARCHAR(256) NOT NULL,
	Orden INT NOT NULL,
	Id_Aventura INT NOT NULL,
	FOREIGN KEY (Id_Aventura) REFERENCES GJ_Aventuras(Id),
)
GO

DROP TABLE GJ_AventurasImg
DROP TABLE GJ_AventurasUsuario
DROP TABLE GJ_GuiasUsuario
DROP TABLE GJ_Aventuras
DROP TABLE GJ_Guias
DROP TABLE GJ_FondosImg
DROP TABLE GJ_Fuentes
DROP TABLE GJ_Personajes
DROP TABLE GJ_Juegos

-- Data ---------------------------------------------------------
-- --------------------------------------------------------------
SET IDENTITY_INSERT GJ_Juegos ON
GO
INSERT INTO GJ_Juegos
	(Id, Nombre, Descripcion, Img, Estado)
VALUES
	(1, 'Chrono Cross', 'Lejos el mejor RPG en mi opinion personal. Precisamente, este juego, me inspiro hacer esta pagina.', 'cc_cover.webp', 1),
	(2, 'Comrades', 'Creo que soy el único que juega a esto, los servidores siempre están vacíos.', 'com_cover.webp', 1),
	(3, 'Darksiders 2', 'Un MANJAR de los dioses.', 'ds2_cover.webp', 1),
	(4, 'FFIX', 'Uno de los trofeos mas duros de conseguir', 'ffix_cover.webp', 1)
GO
SET IDENTITY_INSERT GJ_Juegos OFF
GO

SET IDENTITY_INSERT GJ_Personajes ON
GO
INSERT INTO GJ_Personajes
	(Id, Nombre, Descripcion, Img, Id_Juego)
VALUES
	(1, 'Serge', 'Se obtiene al inciar la aventura', 'cc_character_serge.webp', 1),
	(2, 'Mojo', 'Se obtiene con el Shark Tooth Amulet', 'cc_character_mojo.webp', 1),
	(3, 'Leena', 'Se obtiene rechazando a Kid 3 veces', 'cc_character_leena.webp', 1),
	(4, 'Poshul', 'Se obtiene rechazando a Kid 3 veces o en Arni Village dandole el hueso', 'cc_character_poshul.webp', 1),
	(5, 'Kid', 'Se obtiene en Termina o Cape Howl', 'cc_character_kid.webp', 1),
	(6, 'Guile', 'Se obtiene en Termina hablando con él en el bar', 'cc_character_guile.webp', 1),
	(7, 'Nikki', 'Se obtiene en Termina hablando con Miki en el barco de Magical Dreamers', 'cc_character_nikki.webp', 1),
	(8, 'Pierre', 'Se obtiene en Termina entregandole el Heros Medal en la herreria', 'cc_character_pierre.webp', 1),
	(9, 'Glenn', 'Se obtiene en Termina al decidir No salvar a Kid', 'cc_character_glenn.webp', 1),
	(10, 'Macha', 'Se obtiene en Termina al decidir No salvar a Kid', 'cc_character_macha.webp', 1),
	(11, 'Doc', 'Se obtiene en Termina al decidir No salvar a Kid', 'cc_character_doc.webp', 1),
	(12, 'Korcha', 'Se obtiene en Termina al decidir salvar a Kid', 'cc_character_korcha.webp', 1),
	(13, 'Greco', 'Se obtiene en Termina al decidir salvar a Kid', 'cc_character_greco.webp', 1),
	(14, 'Razzly', 'Se obtiene en Hydra Marsh al decidir salvar a Kid', 'cc_character_razzly.webp', 1),
	(15, 'Mel', 'Se obtiene en Guldove, despue se capturarla y salir de la isla', 'cc_character_mel.webp', 1),
	(16, 'Pip', 'Se obtiene en el barco fantasma', 'cc_character_pip.webp', 1),
	(17, 'Luccia', 'Se obtiene en Viper Manor al ir nuevamente', 'cc_character_luccia.webp', 1),
	(18, 'Lynx', 'Se obtiene despues del evento en Fort Dragonia', 'cc_character_lynx.webp', 1),
	(19, 'Sprigg', 'Se obtiene en el Mundo Abstracto', 'cc_character_sprigg.webp', 1),
	(20, 'Harle', 'Se obtiene en el Mundo Abstracto', 'cc_character_harle.webp', 1),
	(21, 'Radius', 'Se obtiene al vencerlo en Arni Village', 'cc_character_radius.webp', 1),
	(22, 'Zappa', 'Se obtiene en Termina con Lynx', 'cc_character_zappa.webp', 1),
	(23, 'Van', 'Se obtiene en Termina con Lynx', 'cc_character_van.webp', 1),
	(24, 'Norris', 'Se obtiene en Viper Manor si Radius esta en tu equipo', 'cc_character_norris.webp', 1),
	(25, 'Starky', 'Se obtiene venciendolo en la isla de Sky Dragon', 'cc_character_starky.webp', 1),
	(26, 'Janice', 'Se obtiene en el Zelbess al ganar el SLAM de combate', 'cc_character_janice.webp', 1),
	(27, 'Sneff', 'Se obtiene en Zelbess despues de derrotar al sabio', 'cc_character_sneff.webp', 1),
	(28, 'Irenes', 'Se obtiene en Zelbess despues de derrotar al sabio', 'cc_character_irenes.webp', 1),
	(29, 'Miki', 'Se obtiene en Zelbess despues de derrotar al sabio', 'cc_character_miki.webp', 1),
	(30, 'Zoah', 'Se obtiene en el bar de Termina, habitacion oculta', 'cc_character_zoah.webp', 1),
	(31, 'Karsh', 'Se obtiene en el bar de Termina, habitacion oculta', 'cc_character_karsh.webp', 1),
	(32, 'Orcha', 'Se obtiene en Viper Manor despues de rescatar a Riddel', 'cc_character_orcha.webp', 1),
	(33, 'Grobyc', 'Se obtiene en Viper Manor despues del combate con el Mecha', 'cc_character_grobyc.webp', 1),
	(34, 'Skelly', 'Se obtiene al conseguir todos sus huesos, son 6 en total', 'cc_character_skelly.webp', 1),
	(35, 'Riddel', 'Se obtiene al rescatarla del ejercito en Viper Manor', 'cc_character_riddel.webp', 1),
	(36, 'Viper', 'Se obtiene despues de rescatar a Riddel en Viper Manor', 'cc_character_viper.webp', 1),
	(37, 'Fargo', 'Se obtiene despues de rescatar a Riddel en Viper Manor', 'cc_character_fargo.webp', 1),
	(38, 'Marcy', 'Se obtiene despues de rescatar a Riddel en Viper Manor', 'cc_character_marcy.webp', 1),
	(39, 'Turnip', 'Se obtiene en Hermits Hideaway (AW), (HW), utilizando Ice Gun o Ice Breath con Poshul en tu equip', 'cc_character_turnip.webp', 1),
	(40, 'Funguy', 'Se obtiene en Shadow Forest al darle el Mushroom al hombre de la cueva en la cascada', 'cc_character_funguy.webp', 1),
	(41, 'Neofio', 'Se obtiene en la pileta de Viper Manor con la Life Sparkle', 'cc_character_neofio.webp', 1),
	(42, 'Leah', 'Se obtiene al llegar a la isla de Gaeas Navel', 'cc_character_leah.webp', 1),
	(43, 'Steena', 'Se obtiene en Guldove al mostrarle el Dragon Emblem', 'cc_character_steena.webp', 1),
	(44, 'Draggy', 'Se obtiene al poner el huevo gigante en Fort Dragonia', 'cc_character_draggy.webp', 1),
	(45, 'Orlha', 'Se obtiene en Guldove devolviendole el Sapphire Brooch como Serge', 'cc_character_orlha.webp', 1)
GO
SET IDENTITY_INSERT GJ_Personajes OFF
GO

SET IDENTITY_INSERT GJ_Fuentes ON
GO
INSERT INTO GJ_Fuentes 
	(Id, Nombre, Img, Id_Juego)
VALUES
	(1, 'Guia', 'https://guiamania.com/41154/', 1),
	(2, 'Window Frame', 'https://www.ign.com/wikis/chrono-cross/Window_Frames/', 1),
	(3, 'Finales', 'https://game8.co/games/Chrono-Cross-Radical-Dreamers-Edition/archives/375630/', 1),
	(4, 'Items', 'https://game8.co/games/Chrono-Cross-Radical-Dreamers-Edition/archives/371977/', 1),
	(6, 'Dragones', 'https://chrono.fandom.com/wiki/Chronopedia/', 1),
	(7, 'Tecnicas', 'https://guiltybit.com/como-conseguir-las-tecnicas-definitivas-de-todos-los-personajes-en-chrono-cross/', 1),
	(8, 'Criosphinx', 'https://chrono.fandom.com/wiki/Criosphinx/', 1),
	(9, 'Bend of Time', 'https://chrono.fandom.com/wiki/Bend_of_Time/', 1),
	(10, 'Triple Tech Delta Force', 'https://www.trueachievements.com/a356989/deadly-delta-achievement/', 1),
	(11, 'Triple Tech Z-Slash', 'https://www.trueachievements.com/a356990/z-one-and-only-achievement/', 1),
	(12, 'Guia Paso a Paso', 'https://www.youtube.com/watch?v=ZVTfcjFNVcU&list=PLUEaSJ4rKZoL5SJjw7ryjUI2NAztObT8F&index=1', 4),
	(13, 'Trofeo: Mister Nice Guy (  angelo noctis)', 'https://www.youtube.com/watch?v=RWI-uaZsYAY&t=912s', 4),
	(14, 'Trofeo: Beating the rigtime blues (angelo noctis)', 'https://www.youtube.com/watch?v=RWI-uaZsYAY&lc=UgxWdOT4ZJzoZmeEJix4AaABAg.9xkQXwbhDhM9xkVq_TWzy0', 4),
	(15, 'Trofeo: A clean bill of health (chibikei)', 'https://www.youtube.com/watch?v=Vrh5KILchfc', 4)
GO
SET IDENTITY_INSERT GJ_Fuentes OFF
GO

SET IDENTITY_INSERT GJ_FondosImg ON
GO
INSERT INTO GJ_FondosImg
	(Id, Img, Id_Juego)
VALUES
	(1, 'cc_background_01.webp', 1),
	(2, 'cc_background_02.webp', 1),
	(3, 'com_background_01.webp', 2),
	(4, 'ds2_background_01.webp', 3),
	(5, 'ds2_background_02.webp', 3),
	(6, 'ds2_background_03.webp', 3),
	(7, 'ds2_background_04.webp', 3),
	(8, 'ds2_background_05.webp', 3),
	(9, 'ffix_background_01.webp', 4),
	(10, 'com_background_02.webp', 2),
	(11, 'ffix_background_02.webp', 4)
GO
SET IDENTITY_INSERT GJ_FondosImg OFF
GO

SET IDENTITY_INSERT GJ_Guias ON
GO
INSERT INTO GJ_Guias
	(Id, Nombre, Orden, Id_Juego)
VALUES
	(1, 'El Sueño', 1, 1),
	(2, 'Final oculto: Programmers Ending (Final 1/11)', 2, 1),
	(3, '(HW) Arni Village', 3, 1),
	(4, '(HW) Lizard Rock', 4, 1),
	(5, '(AW) Another World', 5, 1),
	(6, '(AW) Hydra Swamp', 6, 1),
	(7, '(AW) Fossil Valley', 7, 1),
	(8, '(AW) Termina', 8, 1),
	(9, 'Final oculto: General Kid (Final 2/11)', 9, 1),
	(10, '(AW) Infiltración a Viper Manor', 10, 1),
	(11, '(AW) Viper Manor', 11, 1),
	(12, 'Final oculto: The True Hero (Final 3/11)', 12, 1),
	(13, '(AW) Guldove', 13, 1),
	(14, '(HW) Bosque Hydra', 14, 1),
	(15, '(AW) Piratas Fantasmas', 15, 1),
	(16, '(AW) Guldove | Termina | Viper Manor', 16, 1),
	(17, '(HW) Arni Village', 17, 1),
	(18, '(AW) Costa Este de El Nido', 18, 1),
	(19, 'Final oculto: The Magical Dreamers (Final 4/11)', 19, 1),
	(20, '(AW) Fort Dragonia', 20, 1),
	(21, 'Mundo Abstracto y el Más Allá', 21, 1),
	(22, 'Final oculto: New Beginnings (Final 5/11)', 22, 1),
	(23, '(HW) Termina', 23, 1),
	(24, '(HW) Viper Manor', 24, 1),
	(25, '(HW) Nido Triangle | Sky Dragon Isle | Marbule', 25, 1),
	(26, '(HW) El Zelbess de Fargo', 26, 1),
	(27, '(HW) Mar del Edén', 27, 1),
	(28, '(HW) Isla Maldita', 28, 1),
	(29, '(HW) Mar del Edén', 29, 1),
	(30, '(AW) Hydra Swamp | Termina', 30, 1),
	(31, '(AW) Viper Manor', 31, 1),
	(32, 'Final oculto: Onward Dragoons (Final 6/11)', 32, 1),
	(33, '(AW) Guldove | Water Dragon Isle | Isle of the Damned | Termina', 33, 1),
	(34, '(AW) Hermits Hideaway', 34, 1),
	(35, 'Final oculto: Darkened Fate (Final 7/11)', 35, 1),
	(36, '(AW) Isla del Dragón del Cielo', 36, 1),
	(37, '(HW) Preparación', 37, 1),
	(38, '(HW) Dragón Verde', 38, 1),
	(39, '(HW) Dragón de Agua', 39, 1),
	(40, '(HW) Dragón de Tierra', 40, 1),
	(41, '(AW) Dragón de Fuego', 41, 1),
	(42, '(AW) Dragón Negro', 42, 1),
	(43, '(AW) Dragón del Cielo', 43, 1),
	(44, '(AW) Criosphinx', 44, 1),
	(45, '(AW) Guldove', 45, 1),
	(46, '(HW) Fuerte Dragonian', 46, 1),
	(47, '(AW) La Búsqueda de la Masamune', 47, 1),
	(48, 'Final oculto: Career Change (Final 8/11)', 48, 1),
	(49, '(HW) Mar de Edén', 49, 1),
	(50, '(HW) Chronopolis', 50, 1),
	(51, '(AW) Cascadas Divinas de los Dragones', 51, 1),
	(52, 'Cosas por Hacer', 52, 1),
	(53, '(AW) Hermits Hideaway', 53, 1),
	(54, '(AW) El Nido Triangle', 54, 1),
	(55, 'Final oculto: Return of the Downtrodden (Final 9/11)', 55, 1),
	(56, '(AW) Dinopolis y Terra Tower', 56, 1),
	(57, '(HW) Playa Opassa', 57, 1),
	(58, 'Final: True Ending (Final 10/11)', 58, 1),
	(59, 'Final: Bad Ending (Final 11/11)', 59, 1),
	(60, 'Consideraciones', 60, 1),
	(61, 'Lanza - Bigote de Dragón (1)', 1, 2),
	(62, 'Lanza - Bigote de Dragón (2)', 2, 2),
	(63, 'Mazo - Mjolnir', 3, 2),
	(64, 'Katana - Mumeito (1)', 4, 2),
	(65, 'Katana - Mumeito (2)', 5, 2),
	(66, 'Escudo - Égida', 6, 2),
	(67, 'SET Equipo de combate', 7, 2),
	(68, 'The Forge Land', 1, 3),
	(69, 'The Forge Land - The Cauldron', 2, 3),
	(70, 'The Forge Land - The Drenchfort', 3, 3),
	(71, 'The Forge Land - The Foundry', 4, 3),
	(72, 'The Forge Land - The Lost Temple', 5, 3),
	(73, 'The Forge Land - The Nook', 6, 3),
	(74, 'The Forge Land - The Scar', 7, 3),
	(75, 'The Forge Land - The Shattered Forge', 8, 3),
	(76, 'The Forge Land - The Weeping Crag', 9, 3),
	(77, 'The Forge Land - Tri-Stone', 10, 3),
	(78, 'Kingdom of the Dead', 11, 3),
	(79, 'Kingdom of the Dead - Boneriven', 12, 3),
	(80, 'Kingdom of the Dead - Breach', 13, 3),
	(81, 'Kingdom of the Dead - City of the Dead', 14, 3),
	(82, 'Kingdom of the Dead - Eternal Throne', 15, 3),
	(83, 'Kingdom of the Dead - Gilded Arena', 16, 3),
	(84, 'Kingdom of the Dead - Judicators Tomb', 17, 3),
	(85, 'Kingdom of the Dead - Lair of the Deposed King', 18, 3),
	(86, 'Kingdom of the Dead - Phariseers Tomb', 19, 3),
	(87, 'Kingdom of the Dead - Psychameron', 20, 3),
	(88, 'Kingdom of the Dead - Sentinels Gaza', 21, 3),
	(89, 'Bezswietle', 22, 3),
	(90, 'Bezswietle - Earth', 23, 3),
	(91, 'Bezswietle - The Ivory Citadel', 24, 3),
	(92, 'Shadows Edge', 25, 3),
	(93, 'Shadows Edge - The Black Stone', 26, 3),
	(94, 'El concurso de Ragtime', 1, 4)
GO
SET IDENTITY_INSERT GJ_Guias OFF
GO

SET IDENTITY_INSERT GJ_Aventuras ON
GO
INSERT INTO GJ_Aventuras
	(Id, Descripcion, Importante, Orden, Id_Guia)
VALUES
	(1, 'Obs: (HW) = Home World, (AW) = Another World debo validar (Turnip y Neofio)', 0, 1, 1),
	(2, 'Sigue el camino hasta el pilar de luz', 0, 2, 1),
	(3, 'Ponte encima de la plataforma magenta', 0, 3, 1),
	(4, 'Entra por la puerta', 0, 4, 1),
	(5, 'Inicias el juego con estos marcos (Marco 1/15) (Marco 2/15) (Marco 3/15)', 0, 5, 1),
	(6, 'Cuando despiertes crea un guardado independiente de la partida principal, cuando termines el juego carga esta partida con el Continue+. Vencer al Time Devourer inmediatamente sin reclutar compañeros', 1, 1, 2),
	(7, 'Despiertas con Serge (Personaje 1/45)', 0, 1, 3),
	(8, 'Habla con Marge (Mamá)', 0, 2, 3),
	(9, 'Ve al puerto y habla con Leena', 0, 3, 3),
	(10, 'Obten la Shellfish Window Frame (Marco 4/15) de la tienda de elements', 0, 4, 3),
	(11, 'Consogue la Komodo Scale (Item /56) dandole la razon al vendedor y regalasela al muchacho', 0, 5, 3),
	(12, 'Coge el Shark Tooth Amulet (Item /56) de uno de los tipos de las casas de la derecha', 0, 6, 3),
	(13, 'Consigue el Heckran Bone (Item /56) de debajo de la cama del bar', 0, 7, 3),
	(14, 'Habla con la camarera del bar la de los poemas y finalmente NO reclutes a Poshul aún', 0, 8, 3),
	(15, 'Empuja la roca enfrente de la cueva, y lucha con el primer Komodo', 0, 1, 4),
	(16, 'Usa el saliente para llegar el segundo Komodo', 0, 2, 4),
	(17, 'Debes perseguir, para cazar y luego luchar con el tercer Komodo, y luego a Mamá Komodo', 0, 3, 4),
	(18, 'Sal por la izquierda de la playa, y sigue recto…', 0, 4, 4),
	(19, 'Ve a Arni y habla con Marge y Leena', 0, 1, 5),
	(20, 'Habla con la camarera del bar la de los poemas', 0, 2, 5),
	(21, 'Ve a Cape Howl y examina la tumba', 0, 3, 5),
	(22, 'Lucharás con Karsh, Solt y Peppor', 0, 4, 5),
	(23, 'Nombra a Kid pero NO la reclutes aún (rechazala 3 veces)', 0, 5, 5),
	(24, 'Leena (Personaje 3/45) y Poshul (Personaje 4/45) se te unirán ahora, (es la única manera de conseguir a Leena)', 0, 6, 5),
	(25, 'Ve donde conseguiste el Shark Tooth Amulet y muestraselo al predicador, se te unira Mojo (Personaje 2/45) al salir de alli', 0, 7, 5),
	(26, 'Ve al noroeste, encuentra a un chico que te dará el Safety Gear (Item /56)', 0, 1, 6),
	(27, 'Vete por ahora al Fossil Valley', 0, 2, 6),
	(28, 'Obten el Heavy Skull (Item /56) de Skelly', 0, 1, 7),
	(29, 'Obten las Bellflower (Item /56)', 0, 2, 7),
	(30, 'Obten el Big Egg (Item /56) cerca del pájaro', 0, 3, 7),
	(31, 'Continua el camino hacia el norte y lucha contra Solt y Peppor', 0, 4, 7),
	(32, 'Ve a la estatua en lo más alto del pueblo, habla con el tipo que la esta limpiando, y consigue a Kid (Personaje 5/45) y obtendras el Tele Porter (Item /56)', 0, 1, 8),
	(33, 'Obten el marco Tea for Three (Marco 5/15)', 0, 2, 8),
	(34, 'Ve a la parte más al este del pueblo, dale las flores a Glenn', 0, 3, 8),
	(35, 'Aqui debes decidir cual de los 3 personajes quieres reclutar para infiltrarte en el Viper Manor, No los puedes conseguir a todos en una partida, deberas iniciar una partida (NG+) para los 2 que falten', 0, 4, 8),
	(36, 'Opción 1: Consigue a Guile (Personaje 6/45), Habla con él en el bar. Ve al cenemterio de Termina, encuentra el barco de Korcha y sube por el rompeolas', 1, 5, 8),
	(37, 'Opción 2: Consigue a Pierre (Personaje 8/45), en la Herrería, primero debes conseguir el Heros Medal (Item /56) del del niño que juega afuera y devolverselo a Pierre, Ve a la puerta principal de Viper Manor', 1, 6, 8),
	(38, 'Opción 3: Consigue a Nikki (Personaje 7/45), habla con todos en el barco de Magical Dreamers hasta que llegue Miki. Ve al Bosque Shadow, consigue la Aroma Pouch (Item /56) y úsalo para mover a los monstruitos hacia el monstruo-planta gigante, en la cueva de la cascada puedes encontrar el Skullduggery (Marco 6/15) y recoge la Angry Scapula (Item /56) de Skelly, avanza por el camino que bloqueaba el mounstruo, mueve la roca para detener a los insectos, avanza hasta salir por el pozo', 1, 7, 8),
	(39, 'Crea un guardado independiente de la partida principal, cuando termines el juego carga esta partida con el Continue+. Vencer al Time Devourer antes de infiltrarte en Viper Manor', 1, 1, 9),
	(40, 'La puerta principal está cerrada', 0, 1, 10),
	(41, 'La llave Manor Key (Item /56) está en la parte superior derecha del establo de alimentación de dragones', 0, 2, 10),
	(42, 'Debes jugar al juego de alimentar dragones al menos una vez, si quieres alimentarlos todos sin fallar, puedes usar el Time Shifter (Item /56) que puedes obtener en la partida (NG+)', 0, 3, 10),
	(43, 'Gira la estatua de la serpiente, y cae en la trampa', 0, 1, 11),
	(44, 'Lucha con los guardias, coge su ropa y entra en las habitaciones de la parte izquierda', 0, 2, 11),
	(45, 'En la cocina, habla con Glenn, ve a su habitación, y te escribirá la combinación de la estatua', 0, 3, 11),
	(46, 'En las habitaciones de la derecha, recoge todos los articulos y el pendiente para caer en otra trampa', 0, 4, 11),
	(47, 'Lucha con los bichos de Luccia', 0, 5, 11),
	(48, 'Libera al criatura que esta enjaulada', 0, 6, 11),
	(49, 'La habitacion que esta al lado del laboratorio podras conseguir el Decor Shield (Item /56), si la colocas en la armadura sin escudo encontraras una habitacion secreta', 0, 7, 11),
	(50, 'Vuelve a la entrada y usa la combinación apropiada en la estatua de la serpiente', 0, 8, 11),
	(51, 'Ve al oeste, a la biblioteca, verás a Balthasar (Chrono Trigger), lucha con Marcy', 0, 9, 11),
	(52, 'Obten el marco Porres Furnace (Marco 7/15)', 0, 10, 11),
	(53, 'Habla con el viejo, vuelve a la habitación grande, busca en las columnas un botón que accione el ascensor', 0, 11, 11),
	(54, 'Lucha con los guardias, toma el ascensor y pasa la puerta', 0, 12, 11),
	(55, 'Lucha contra Lynx, habrá unas cuantas escenas', 0, 13, 11),
	(56, 'Este final tiene 2 variantes, las variantes dependeran de que decisión tomas en Guldove', 0, 1, 12),
	(57, 'Opcion 1: No salvar a Kid. Crea un guardado independiente de la partida principal, cuando termines el juego carga esta partida con el Continue+, Vencer al Time Devourer inmediatamente despues de que Kid quede envenenada', 1, 2, 12),
	(58, 'Opcion 2: Salvar a Kid. Crea un guardado independiente de la partida principal, cuando termines el juego carga esta partida con el Continue+, Vencer al Time Devourer inmediatamente despues de encontrar la cura en Hydra Marsh y Kid se haya recuperado', 1, 3, 12),
	(59, 'Tendras que eleguir entre salvar o NO salvar a kid recibiras el Astral Amulet (Item /56), dependiendo de la decicion podras obtener nuevos personajes distintos en ambos casos', 0, 1, 13),
	(60, 'En ambos casos debes hablar con el Shaman y el enano del bar el cual te dara el Green Tinkler (Item /56)', 0, 2, 13),
	(61, 'Opcion 1: No salvar a Kid: Habla con Korcha y luego con Macha, toma el barco de Kocha hacia Termina, en la entrada verás a Glenn. Vuelve al barco, conseguirás a Glenn (Personaje 9/45) y Macha (Personaje 10/45), Macha te dara el Tropical Paradise (Marco 8/15). Haz el capitulo: 15.- (AW) Piratas Fantasmas, luego vuelve a Guldove para ver al Doc y Kid. Se te unira el Doc (Personaje 11/45). Finalmente puedes hacer el capitulo: 14.- (HW) Bosque Hydra', 1, 3, 13),
	(62, 'Opcion 2: Salvar a Kid: Se te une Korcha (Personaje 12/45), Toma el barco hacia Termina, en la entrada verás a Glenn, Ve a la Playa Opassa, Haz el capitulo: 14.- (HW) Bosque Hydra, vuelve a Guldove, asegúrate de darle el medicamento a Kid y luego trata de captura a Mel (Personaje 13/45) si es que las quieres conseguir, ella te da el Guldovian Stitch (Marco 9/15), para ello deberas hablar con Orla y el portero del Shaman luego ve al escondite de Mel. Viaja a Termina, escucha a Glenn Vuelve al bote aceptando a Korcha NUEVAMENTE y viaja a Guldove a la casa de Mel (Por fin se une la bastarda). Finalmente ve al capitulo: 15.- (AW) Piratas Fantasmas', 1, 4, 13),
	(63, 'Lega a la playa y viaja al (HW) con el Astral Amulet de Kid', 0, 1, 14),
	(64, 'Ve al Hydra Marsh, lucha con Beeba, obten la Beeba Flute (Item /56) y úsala al norte de todo, Lucha contra el Wingapede y cae por el agujero en donde acabas de pelear', 0, 2, 14),
	(65, 'No Salvar a Kid: Al caer por el agujero veras que el pulpo ya se comio a Razzly', 1, 3, 14),
	(66, 'Salvar a Kid: Lucha con el pulpo y consigue a Razzly el hada (Personaje 14/45), sigue por la parte norte luego este, lucha contra la Hydra (SIN Razzly en tu equipo), obtendras la Hydra Humour (Item /56)', 1, 4, 14),
	(67, 'Ve a la zona nublosa entre El Nido y el The Dead Sea', 0, 1, 15),
	(68, 'Cuando ataquen los fantasmas, observa que la puerta principal está cerrada', 0, 2, 15),
	(69, 'Mata a todos los esqueletos y habla con los piratas para encontrar una llave', 0, 3, 15),
	(70, 'Durante el recorrido encontraras a la criatura que liberaste, si la capturas reclutaras a Pip (Personaje 15/45)', 0, 4, 15),
	(71, 'Llega a la cubierta, lucha con el Diamond Jar', 0, 5, 15),
	(72, 'Ve a guldove y consigue la Pelvic Bone (Item /56) de Skelly de la niña comerciante cerca del barco', 0, 1, 16),
	(73, 'Ve a Termina y consigue a Greco (Personaje 16/45) en la casa del cementerio', 0, 2, 16),
	(74, 'Ve a Viper Manor y busca Luccia (Personaje 17/45) para reclutarla', 0, 3, 16),
	(75, 'Ve a Arni Village habla con la camarera del bar y te dara el Book of Poems (Item /56)', 0, 1, 17),
	(76, 'Habla con el viejo pescador cerca de Leena, te llevará a la Isla del Dragón de Agua', 0, 2, 17),
	(77, 'Aquí, ve hasta el Dragón de Agua y te dará el Ice Breath (Item /56)', 0, 3, 17),
	(78, 'Cuando vuelvas a (AW) ve a Arni Village y entregale a la camarera el Book of Poems', 0, 4, 17),
	(79, 'Ve en bote al refugio del hermitaño en (AW) y usa el Ice Breath en el suelo arido', 0, 5, 17),
	(80, 'Cruza el Monte Piro, usa el Ice Breath para congelar la lava', 0, 1, 18),
	(81, 'Te recomiendo recoger todos los cofres primero antes de congelar todo', 0, 2, 18),
	(82, 'Cruza todo el Monte hasta llegar a Fort Dragonia', 0, 3, 18),
	(83, 'Antes de terminar la Fortaleza, crea un guardado independiente de la partida principal, cuando termines el juego carga esta partida con el Continue+. Vencer al Time Devourer con la siguiente formacion Nikki, Razzly y Kid, Para reemplazar a Serge del euipo puede usar el Relief Charm (Item /56) que obtienes al iniciar la partida NG+', 1, 1, 19),
	(84, 'Resuelve todos los puzzles y jefes', 0, 1, 20),
	(85, 'Debes vencer al SOL (Hincha Pelotas), toma el acensor', 0, 2, 20),
	(86, 'Lynx y Viper estarán aquí, continua la historia...', 0, 3, 20),
	(87, 'Hola Lynx (Personaje 18/45), toma una manzana del árbol y Sprigg vendrá', 0, 1, 21),
	(88, 'Entra en su casa y podras reclutar a Sprigg (Personaje 19/45)', 0, 2, 21),
	(89, 'Ve al norte, sigue a Serge a cada puerta que vaya (en tu piso)', 0, 3, 21),
	(90, 'Harle (Personaje 20/45) se te une, avanza, escapa por el agujero y aparecerás en Hydra Marsh', 0, 4, 21),
	(91, 'Crea un guardado independiente de la partida principal, cuando termines el juego carga esta partida con el Continue+. Vencer al Time Devourer con Lynx', 1, 1, 22),
	(92, 'Intenta cruzar el portal para ir a (HW) en la playa luego intenta cruzar el Fossil Valley', 0, 1, 23),
	(93, 'Ve a Arni Village, habla con Marge y lucha contra Radius (Personaje 21/45) para reclutarlo', 0, 2, 23),
	(94, 'Cruza el Fossil Valley y consigue el Infrared Vision (Marco 10/15)', 0, 3, 23),
	(95, 'Ve Termina para reclutara Zappa (Personaje 22/45) este te data el Smith Spirit (Item /56) y a Van (Personaje 23/45)', 0, 4, 23),
	(96, 'Con Radius ve a Termina a buscar a Norris, luego entra por el Shadow Forest, despues de hablar con el niño salvar a un hombre ,golpeando a un insecto ahogado, y te dara el Mushroom (Item /56). Puedes obtener Funguy (Personaje 40/45) si le das el champiñon al hombre de la cueva', 0, 1, 24),
	(97, 'Ve por las mazmorras, si no puedes pasar tendras que ir por la entrada principal y bajar por el pozo. Habla con Norris (Personaje 24/45), se te unirá si Radius está contigo', 0, 2, 24),
	(98, 'Ve a Termina, ahora podras usar un bote inflable donde estaba el barco de Nikki', 0, 3, 24),
	(99, 'Ve al Nido Triangle, nada hasta el fondo y obten el Star Fragment (Item /56)', 0, 1, 25),
	(100, 'Ve a Sky Dragon Isle e intenta abrir el cofre, lucha contra Starky (Personaje 25/45) y véncelo para reclutarlo, obten Our Favorite Martian (Marco 11/15)', 0, 2, 25),
	(101, 'Ve Marbule sin ningun humano en tu equipo, habla con Toma, haz todas las preguntas y habla con el otro tipo, y obten el Valencian Cloth (Marco 12/15), duerme en la posada, habla con Irenes por la noche', 0, 3, 25),
	(102, 'Intenta cruzar la puerta del fondo del barco, Fargo te debe dar permiso, abre la puerta siguiente y veras a un orejon que hace aseo, hablale', 0, 1, 26),
	(103, 'Ve a pedirle a fargo permiso para cruzar la puerta, te hara juega a la Roulette y perderas. ve a la primera puerta debajo del casino, veras algo sospechozo', 0, 2, 26),
	(104, 'Mira el show de Sneff, convertira a alguien en gato, sale y vuelve a entrar para que Sneff te convierta en gato', 0, 3, 26),
	(105, 'Mientras seas gato y le hablas al gato de la cocina podras obtener el Monsters Mouth (Marco 13/15)', 0, 4, 26),
	(106, 'Entra en el en la habitacion que esta debajo de la ruleta, roba el Handle (Item /56)', 0, 5, 26),
	(107, 'Ve donde Sneff y que te vuelva a convertir, juega a la Roulette con Fargo otra vez. Perderá, ahora cruza esa puerta', 0, 6, 26),
	(108, 'Si ganas los 3 combates del SLAM podras reclutar a Janice (Personaje 26/45)', 0, 7, 26),
	(109, 'Lucha contra el Sabio y obten la Fiddler Crab (Item /56)', 0, 8, 26),
	(110, 'Ve al casino donde esta la ruleta, luego ve a la segunda habitacion bajando las escaleras y reclutaras a Sneff (Personaje 27/45)', 0, 9, 26),
	(111, 'Sube a la cubierta y luego por el mástil, aqui se unira Irenes (Personaje 28/45)', 0, 10, 26),
	(112, 've al The Dead Sea y usa la Fiddler Crab, entra y verás la Masamune', 0, 1, 27),
	(113, 'Después de hablar, ve a la Hermits Hideaway (HW), habla con Radius y recibe el Garais Keepsake (Item /56)', 0, 2, 27),
	(114, 'Llega al espejo de la izquierda del todo (bajando por el esqueleto serpiente)', 0, 1, 28),
	(115, 'Lucha con Garai (a llorar a la playa)', 0, 2, 28),
	(116, 'Obten la Einlanzer (Item /56) y úsala para destruir la Masamune en Dead Sea', 0, 3, 28),
	(117, 'Ve al The Dead Sea, recoge todos los cofres', 0, 1, 29),
	(118, 'Habla con el fantasma y se le caera algo, recogelo y Obten el Station Pass (Item /56) con este item podra obtener Obten el Medical Book (Item /56)', 0, 2, 29),
	(119, 'Obten el Prop Sword (Item /56)', 0, 3, 29),
	(120, 'Lucha con Miguel, y la ciudad será destruida (el Dragón del Cielo te salvará)', 0, 4, 29),
	(121, 'Viaja por el portal de la playa a (AW)', 0, 1, 30),
	(122, 've a Hydra Marshes y explora todo lucha con jefes obtendras una habilidad especial, mas adelante en una lagunilla obten el Life Sparkle (Item /56) y Busca el Good Backbone (Item /56) de Skelly en una cueva (por la zona este)', 0, 2, 30),
	(123, 'Ve al bar de Termina, hay una habitacion secreta, aqui podras reclutar a Zoah (Personaje 30/45) o Karsh (Personaje 31/45), siquieres obtener a los 2 deberas terminar el juego e iniciar (NG+) Pero si eliges a Karsh, Zoha se te unira en el S.S Zelbess tambien obtendras el Tear of Hate (Item /56)', 0, 3, 30),
	(124, 'Opcion 1: Consigue a Zoah', 1, 4, 30),
	(125, 'Opcion 2: Consigue a Karsh', 1, 5, 30),
	(126, 'Ve a Viper Manor, habla con Norris en la habitación del oeste de la entrada y te dara la Prison Key (Item /56)', 0, 1, 31),
	(127, 'Si vas a la carcel, encontraras una la Parlor Key (Item /56)', 0, 2, 31),
	(128, 'Ve a las alcantarillas desde la cocina, encuentra y apaga la válvula', 0, 3, 31),
	(129, 'Vuelve a la primera sección, ahora ya puedes cruzar, y apaga la segunda válvula', 0, 4, 31),
	(130, 'En la siguiente pantalla, sube la válvula y vuelve al otro lado', 0, 5, 31),
	(131, 'Bájala, procede, y lucharás contra un bicho gordo, procede subir las escaleras', 0, 6, 31),
	(132, 'Lucharás contra Dark Orcha para rescatar a Riddel, luego se te unira Orcha (Personaje 32/45)', 0, 7, 31),
	(133, 'Sigue recto hacia la biblioteca, lucharás con Grovyc y Mecha', 0, 8, 31),
	(134, 'Eapa hacia la biblioteca, lucha con Mecha otra vez, y escapa por la ventana', 0, 9, 31),
	(135, 'Grobyc (Personaje 33/45) se unirá a tu grupo', 0, 10, 31),
	(136, 'Crea un guardado independiente de la partida principal, cuando termines el juego carga esta partida con el Continue+. Vencer al Time Devourer inmediatamente despues de rescatar a Riddel', 1, 1, 32),
	(137, 'Ve a Guldove y Lucha con Orlha y conseguirás su Sapphire Brooch (Item /56), devuélvesela cuando seas Serge de nuevo, y se te unirá', 0, 1, 33),
	(138, 'Dale al Doc el libro para desbloquear su habilidad', 0, 2, 33),
	(139, 'Ve Water Dragon Isle y a Un tipo te dará el Sturdy Ribs (Item /56) de Skelly', 0, 3, 33),
	(140, 'Ve a Isle of the Damned, recoge los Mixed Bones (Item /56) de Skelly en la cueva al noroeste de la primera pantalla', 0, 4, 33),
	(141, 'Si ya tienes todas las 6 partes de Skelly (Heavy Skull, Pelvic Bone, Mixed Bones, Angry Scapula, Good Backbone, Sturdy Ribs) ve a Termina a la casa de la derecha de la estatua de Viper, y se te unirá Skelly (Personaje 34/45) si hablas con la abuela', 0, 5, 33),
	(142, 'Habla con Riddel (Personaje 35/45) y se te unira', 0, 1, 34),
	(143, 'Se te uniran Viper (Personaje 36/45), Fargo (Personaje 37/45) y Mercy (Personaje 38/45)... (Zoah o Karsh)', 0, 2, 34),
	(144, 'Crea un guardado independiente de la partida principal, cuando termines el juego carga esta partida con el Continue+. Vencer al Time Devourer despues de que Harle abandona tu grupo', 1, 1, 35),
	(145, 'Hay 8 dragones, uno por cada elemento', 0, 1, 36),
	(146, 'Recuerda robar a los dragones (con Fargo), cada dragón tiene una armadura que bloquea dicho elemento', 0, 2, 36),
	(147, 'Son enemigos bastante básicos, usa magias de elementos opuestos', 0, 3, 36),
	(148, 'Personajes del elemento innato opuesto hacen y reciben el doble de daño', 0, 4, 36),
	(149, 'Personajes del mismo elemento que dicho dragón hacen y reciben la mitad de daño', 0, 5, 36),
	(150, 'Elementos del mismo color los curarán', 0, 6, 36),
	(151, 'No hay un orden especifico para derrotarlos', 0, 7, 36),
	(152, 'Para activar la mision de los dragones hay q ir a hablar con el dragon del cielo', 0, 8, 36),
	(153, 'Primero ve al S.S Zelbess (HW) lleva a Fargo a verse asimismo', 0, 1, 37),
	(154, 'Después del concierto ve a Marbule y vence a todos los monstruos, cuando vuelvas podras reclutar a Miki (Personaje 29/45)', 0, 2, 37),
	(155, 'Ve a Hydra Marshes (HW) y consigue la Ancient Fruit (Item /56), si no te la da el bicho ve a (AW) al mismo lugar para que te la de, luego vuelve', 0, 3, 37),
	(156, 'En Hydra Marshes, usa la Beeba Flute cerca del segundo Beeba', 0, 1, 38),
	(157, 'El bicho Hydra te llevará a Gaeas Navel, aqui reclutas a Leah (Personaje 42/45)', 0, 2, 38),
	(158, 'Roba la armadura cuando este debilitado, al vencerlo te dara la Green Relic (Item /56)', 0, 3, 38),
	(159, 'Ve a la Isla del Dragón de Agua (Water Dragon Isle), esta al final del todo', 0, 1, 39),
	(160, 'Roba la armadura cuando este debilitado, al vencerlo te dara la Blue Relic (Item /56)', 0, 2, 39),
	(161, 'Ve a Cleared Earth Dragon Isle, entra por las arenas movedizas', 0, 1, 40),
	(162, 'Debes ir a la izquierda y abajo de la cueva, obten los Explosive (Item /56) del NPC, si el NPC no esta trata de mover a la tortuga, luego sale de la isla y vuelve a entrar', 0, 2, 40),
	(163, 'Debes matar y poner cada tortuga en los agujeros géiser con los explosivos', 0, 3, 40),
	(164, 'Salta dentro del nuevo agujero y lucha con el dragón', 0, 4, 40),
	(165, 'Roba la armadura cuando este debilitado, al vencerlo te dara la Yellow Relic (Item /56)', 0, 5, 40),
	(166, 'Ve al monte del Dragón de Fuego en Mount Pyre (AW)', 0, 1, 41),
	(167, 'Ve a la cascada de lava, baja a la primera cascada y entra por la puerta', 0, 2, 41),
	(168, 'Roba la armadura cuando este debilitado, al vencerlo te dara la Red Relic (Item /56)', 0, 3, 41),
	(169, 'Ve a Marbule (AW), el dragón estará en la cueva, habla con el NPC y te dara el Quill and Papyrus (Marco 15/15)', 0, 1, 42),
	(170, 'Si tienes a Pierre, no tendrás que luchar con él para la Black Crest', 0, 2, 42),
	(171, 'Roba la armadura cuando este debilitado, al vencerlo te dara la Black Relic (Item /56)', 0, 3, 42),
	(172, 'Ve a Sky Dragon Isle y lucha con el dragon', 0, 1, 43),
	(173, 'Roba la armadura cuando este debilitado, al vencerlo te dara la White Relic (Item /56)', 0, 2, 43),
	(174, 'Esta Mision es opcional (No es Importante) debes ir a Earth Dragon Isle y... (a llorar a la playa) sino esperar a la partida (NG+)', 1, 1, 44),
	(175, 'Este dragon es el jefe mas dificil del juego, aun mas que el jefe final', 0, 2, 44),
	(176, 'El truco para vencerlo es responder correctamente sus acertijo o luchando a fuerza bruta', 0, 3, 44),
	(177, 'Si lograste robar la armadura con Fargo al dragon de tierra (Coraza Dorada) lo venceras en cuestion de tiempo', 0, 4, 44),
	(178, 'De lo contrario sera un jefe dificil, debes llevar muchas curas y trampas de elemento como Terremoto y Tormenta Electrica', 0, 5, 44),
	(179, 'Si lo vences te dara las Gafas de Sol, uno de los mejores articulos de euipamiento del juego', 0, 6, 44),
	(180, 'Muestra el cristal roto a Direa y Steena, y consigue el Dragon Emblem (Item /56)', 0, 1, 45),
	(181, 'Enséñaselo al guardia de la tienda de Steena en Guldove (HW) y ella te dara el Dragon Tear (Item /56)', 0, 2, 45),
	(182, 'Ahora Steena (Personaje 43/45) se te unira, Lleva a Steena a Fort Dragonia', 0, 3, 45),
	(183, 'Ve a Fort Dragonia', 0, 1, 46),
	(184, 'Pon el amuleto en la ranura de la entrada', 0, 2, 46),
	(185, 'Lucha contra Dark Serge en la sala del ascensor', 0, 3, 46),
	(186, 'Baja, pon el huevo gigante en el centro y y obtendras a Draggy (Personaje 44/45)', 0, 4, 46),
	(187, 'Sube a la habitación principal y abre la puerta, aqui obtendras el Tear of Love (Item /56)', 0, 5, 46),
	(188, 'Esta mision es opcional y dificil, Necesitarás a Riddel y Karsh', 0, 1, 47),
	(189, 'Lucha con Solt y Peppor en Isle of the Damned (AW) y obtendras el Memento Pendant (Item /56)', 0, 2, 47),
	(190, 'Ve a la isla escondida al noreste de El Nido (HW)', 0, 3, 47),
	(191, 'Usa el pendiente y esto hará que luches con Dario (a llorar a la playa)', 0, 4, 47),
	(192, 'La Masamune se transformará en la la Mastermune, la mejor arma de Serge', 0, 5, 47),
	(193, 'Pon a Glenn en posición principal y llévalo a la tumba de Dario', 0, 6, 47),
	(194, 'Ve a Termina y procura de que Glen NO tenga equipada la Einlanzer, ve a la tumba familiar de Glen y obten la Einlanzer doble', 0, 7, 47),
	(195, 'Crea un guardado independiente de la partida principal, cuando termines el juego carga esta partida con el Continue+. Vencer al Time Devourer despues de vencer a Dario y antes de que aparezca Terra Tower', 1, 1, 48),
	(196, 'Si quieres reclutar a Orlha (Personaje 45/45), ve a Guldove (AW) y dale el Sapphire Brooch', 0, 1, 49),
	(197, 'Si tienes a Glenn, ahora le puedes equipar la Einlanzer', 0, 2, 49),
	(198, 'Lleva a Steena al Sea of Eden y entra en uno de los agujeros', 0, 3, 49),
	(199, 'Ve a cada una de las islas', 0, 4, 49),
	(200, 'En la tercera tendrías que luchar contra los Destinos', 0, 5, 49),
	(201, 'Se vienen los Mecha', 0, 1, 50),
	(202, 'Encuentra la entrada a la sala de ordenadores y ve a la base', 0, 2, 50),
	(203, 'Usa el control remoto robot para accionar el puente', 0, 3, 50),
	(204, 'En la habitación principal, ve a la derecha hacia la habitación de las escaleras', 0, 4, 50),
	(205, 'Hay un objeto importante para Grobyc en el cofre del fondo de todo', 0, 5, 50),
	(206, 'En el segundo piso hay una habitación donde puedes activar el elevador', 0, 6, 50),
	(207, 'En el tercero y cuarto piso, obsérvalo todo, pero no puedes entrar en una habitación', 0, 7, 50),
	(208, 'En el primer piso, en el muelle, habla con el fantasma azul', 0, 8, 50),
	(209, 'Ve a la habitación donde no pudiste entrar y coge la Card Key (Item /56)', 0, 9, 50),
	(210, 'Ahora que el Séptimo dragón está aquí, el séptimo elemento es activado', 0, 10, 50),
	(211, 'Ve al Divine Dragon Falls que están justo al este del Fossil Valley', 0, 1, 51),
	(212, 'Usa los 2 fragmentos de cristal en los pilares, el Tear of Hate y el Tear of Love', 0, 2, 51),
	(213, 'Ahora conseguirás el Chrono Cross (Item /56), y el elemento. Ponla en la primera ranura de Serge', 0, 3, 51),
	(214, 'Presta atención en las bolas de colores que aparecen ahora en batalla, son importantes', 0, 4, 51),
	(215, 'Ve a la casa de casa de Radius en Hermits Hideaway (HW) con Poshul en tu equipo', 0, 1, 52),
	(216, 'Podras reclutar a Turnip (Personaje 39/45) para esto debes haber usa el Ice Breath o la Ice Gun en el suelo en Hermits Hideaway (AW)', 0, 2, 52),
	(217, 'Ve a la pileta de Viper Manor (AW) con el Life Sparkle y obtendras a Neofio (Personaje 41/45)', 0, 3, 52),
	(218, 'Ve con Viber en tu equipo podras conseguir los cofres de la sala secreta, despues de leer la carta en la oficina secreta', 0, 4, 52),
	(219, 'Para entrar a la oficina secreta, debes mover la cabeza de la estatua de la izquierda', 0, 5, 52),
	(220, 'Ve a Gaeas Navel (AW) vence al cavernícola del arbol y consigues el Snakes & Orbs (Marco 14/15)', 0, 6, 52),
	(221, 'Ve a Hermits Hideaway, verás a Kid', 0, 1, 53),
	(222, 'Si tienes la Mastermune, entrarás en un sueño', 0, 2, 53),
	(223, 'En casa de Lucca, busca por ahí y hay una puerta trampilla en la habitación de arriba derecha', 0, 3, 53),
	(224, 'En la primera habitación, pulsa L2, Triangulo, R2, y Triangulo en la máquina', 0, 4, 53),
	(225, 'Obtendrás el Ataque de nivel 7 de Kid', 0, 5, 53),
	(226, 'Necesitarás la Ice gun (Item /56) de Lucca para apagar las llamas', 0, 6, 53),
	(227, 'Rescata a todos los niños hasta que alcances a Kid y el sueño se acabará', 0, 7, 53),
	(228, 'Ve con Starky, y lucha con el pez gigante en el fondo del mar', 0, 1, 54),
	(229, 'El Pez gigante es sólo débil al fuego, no a los ataques físicos', 0, 2, 54),
	(230, 'Ahora vuela con el bote hacia Dinopolis', 0, 3, 54),
	(231, 'Crea un guardado independiente de la partida principal, cuando termines el juego carga esta partida con el Continue+. Vencer al Time Devourer antes de terminar Terra Tower', 1, 1, 55),
	(232, 'Venciendo a los seis guardianes elementales', 0, 1, 56),
	(233, 'Se recomienda usar elementos trap para robar las invocaciones', 0, 2, 56),
	(234, 'Al final, te encontrarás al Dragón Lunar', 0, 3, 56),
	(235, 'Atiende al orden de colores a los que cambia, y anotalos XD, igual los anote por ti', 0, 4, 56),
	(236, 'Si lo vences, la Llama Congelada se perderá en una corriente temporal', 0, 5, 56),
	(237, 'Obtendrás el Time Egg (Item /56), este item lo obtendras en la partida NG+', 0, 6, 56),
	(238, 'Ve a la playa que gatillo todos los eventos de tu historia', 0, 1, 57),
	(239, 'Habla con los Chrono, Lucca y Marle', 0, 2, 57),
	(240, 'Aca podras sacar 2 finales Distintos uno bueno y el otro malo, crea un guardado independiente de la partida principal, cuando termines el juego NO guardes la partida nueva, sino que carga esta partida de forma normal para sacar el otro final.', 0, 3, 57),
	(241, 'Usa el Time Egg encima del agujero de gusano lila para la batalla final y al terminar el juego recuperaras el Time Egg en el (NG+)', 0, 4, 57),
	(242, 'Salva a Schala del Time Devourer tocando el Chrono Cross', 0, 1, 58),
	(243, 'Para sto debes crear la secuencia de colores que realizo el Dragón Lunar', 0, 2, 58),
	(244, 'Lanza elementos en este orden: Amarillo, Rojo, Verde, Azul, Negro, Blanco, y Chrono Cross', 1, 3, 58),
	(245, 'Ayuda si esperas a que todos puedan usar hasta la octava fila', 0, 4, 58),
	(246, 'Usa magias de curación de modo que el Time Devourer no lo cuente ni interrumpa tu orden de bolas', 0, 5, 58),
	(247, 'Mata al Time Devourer junto a Schala! Sin usar la secuencia de colores', 1, 1, 59),
	(248, 'Bend of Time, es un area oculta que solo se puede acceder en una partida NG+, aqui puedes luchar encontra Ozzie, Slash y Flea, personajes de Chrono Trigger, los puedes capturar para el Dopellgang de Sprigg', 1, 1, 60),
	(249, 'Los 10 portales del Bend of Time son los siguientes. 1: Lizard Rock. 2: Viper Manor, Viper Manor Bluffs. 3: Water Dragon Isle, Hydra Marshes, S. S. Invincible. 4: Fort Dragonia, Temporal Vortex. 5: Shadow Forest, Fossil Valley, 6: Mt. Pyre, Isle of the Damned. 7: Dead Sea, 8: Marbule, Gaeas Navel, Earth Dragon Isle. 9: Chronopolis, Sea of Eden. 10: Terra Tower, Luccas House.', 1, 2, 60),
	(250, 'Para obtener a los 46 personajes se debe recorrer el juego al amenos 3 veces seguida usando el NG+ y usar el Chrono Cross en la casa de Sprigg', 1, 3, 60),
	(251, 'Con el Chrono Cross puedes recuperar todos los personajes de las partidas anteriores PERO, para poder considerar a Harle, debes terminar el juego con Lynx y Harle e iniciar el NG+', 1, 4, 60),
	(252, 'Para obtener Guile, Nikki y Pierre se debe hacer en 3 pasadas, no se puede conseguir en una partida', 1, 5, 60),
	(253, 'Para obtener Korcha, Mel ,Razzly o Macha, Glen, Doc se debe hacer en 2 pasadas, no se puede conseguir en una partida', 1, 6, 60),
	(254, 'Leena solo se puede obtener rechazando a Kid 3 veces en Cape Howl', 1, 7, 60),
	(255, 'Arma: Corsesca - 30 (Vendedor de Gaus)', 1, 1, 61),
	(256, 'Material: (1) Sensor Láser', 0, 2, 61),
	(257, 'Material: (1) Cuerno de Dragón', 0, 3, 61),
	(258, 'Material: (1) Lagrima de Bégimo, Habilidad: Rompe Defensas X', 0, 4, 61),
	(259, 'Material: (2) Cuerno Hueco Curvo', 0, 5, 61),
	(260, 'Arma: Corsesca II - 60', 1, 6, 61),
	(261, 'Material: (8) Sensor Láser', 0, 7, 61),
	(262, 'Material: (3) Cuerno Hueco Curvo', 0, 8, 61),
	(263, 'Arma: Bigote de Dragón - 99', 1, 9, 61),
	(264, 'Material: (8) Cuerno Hueco Curvo', 0, 10, 61),
	(265, 'Arma: Bigote de Dragón - 120', 1, 11, 61),
	(266, 'Material: (2) Meteoritos', 0, 12, 61),
	(267, 'Material: (3) Cuerno Hueco Curvo', 0, 13, 61),
	(268, 'Material: (1) Cuerno de Bégimo', 0, 14, 61),
	(269, 'Material: (2) Joya de Fuerza', 0, 15, 61),
	(270, 'Arma: Corsesca - 30 (Vendedor de Gaus)', 1, 1, 62),
	(271, 'Material: (1) Sensor Láser', 0, 2, 62),
	(272, 'Material: (1) Cuerno de Dragón', 0, 3, 62),
	(273, 'Material: (1) Peroné Escarlata, Habilidad: Potenciador de Trachyon II', 0, 4, 62),
	(274, 'Material: (2) Cuerno Hueco Curvo', 0, 5, 62),
	(275, 'Arma: Corsesca II - 60', 1, 6, 62),
	(276, 'Material: (4) Fragmento Ígneo', 0, 7, 62),
	(277, 'Material: (3) Fragmento Gélido', 0, 8, 62),
	(278, 'Material: (4) Fragmento de Tormenta', 0, 9, 62),
	(279, 'Material: (10) Sensor Láser', 0, 10, 62),
	(280, 'Arma: Bigote de Dragón - 99', 1, 11, 62),
	(281, 'Material: (21) Sensor Láser', 0, 12, 62),
	(282, 'Arma: Bigote de Dragón - 120', 1, 13, 62),
	(283, 'Material: (14) Sensor Láser', 0, 14, 62),
	(284, 'Material: (1) Joya de Fuerza', 0, 15, 62),
	(285, 'Arma: Garrote Mancillado - 50 (Misión Burgos Infestados)', 1, 1, 63),
	(286, 'Material: (8) Cuerno de Dragón', 0, 2, 63),
	(287, 'Arma: Arma: Mjolnir - 99', 1, 3, 63),
	(288, 'Material: (11) Cuerno de Dragón', 0, 4, 63),
	(289, 'Arma: Mjolnir - 120', 1, 5, 63),
	(290, 'Material: (2) Meteoritos', 0, 6, 63),
	(291, 'Material: (3) Pico de Zú', 0, 7, 63),
	(292, 'Material: (1) Mandíbula de Monstruo', 0, 8, 63),
	(293, 'Material: (1) Fragmento de Entereza', 0, 9, 63),
	(294, 'Material: (2) Cuerno de Dragón', 0, 10, 63),
	(295, 'Arma: Huérfana - 30 (Vendedor de Gaus)', 1, 1, 64),
	(296, 'Material: (4) Cuerno de Dragón', 0, 2, 64),
	(297, 'Arma: Sennin-Giri - 60', 1, 3, 64),
	(298, 'Material: (10) Octópedo', 0, 4, 64),
	(299, 'Material: (3) Cuerno de Dragón', 0, 5, 64),
	(300, 'Arma: Mumeito - 99', 1, 6, 64),
	(301, 'Material: (8) Cuerno de Dragón', 0, 7, 64),
	(302, 'Arma: Mumeito - 120', 1, 8, 64),
	(303, 'Material: (2) Meteoritos', 0, 9, 64),
	(304, 'Material: (4) Cuerno de Dragón', 0, 10, 64),
	(305, 'Material: (1) Peroné Escarlata', 0, 11, 64),
	(306, 'Material: (1) Mandíbula de Monstruo', 0, 12, 64),
	(307, 'Material: (1) Garra Retorcida, Habilidad: Hielo++', 0, 13, 64),
	(308, 'Arma: Huérfana - 30 (Vendedor de Gaus)', 1, 1, 65),
	(309, 'Material: (6) Aguijón Venenoso', 0, 2, 65),
	(310, 'Material: (6) Mandíbula de Monstruo', 1, 3, 65),
	(311, 'Arma: Sennin-Giri - 60', 0, 4, 65),
	(312, 'Material: (2) Piel Endurecida', 0, 5, 65),
	(313, 'Material: (5) Cuerno Hueco Curvo', 1, 6, 65),
	(314, 'Arma: Mumeito - 99', 0, 7, 65),
	(315, 'Material: (20) Sensor Láser', 1, 8, 65),
	(316, 'Material: (1) Cilindro Hidráulico, Habilidad: Potenciador de Trachyon X', 0, 9, 65),
	(317, 'Arma: Mumeito - 120', 0, 10, 65),
	(318, 'Material: (10) Sensor Láser', 0, 11, 65),
	(319, 'Material: (1) Tela Antigua', 0, 12, 65),
	(320, 'Material: (1) Joya de Fuerza', 0, 13, 65),
	(321, 'Arma: Disco Oxidado - 50 (Coliseo Bégimo Extremo)', 1, 1, 66),
	(322, 'Material: (3) Cuerno de Dragón', 0, 2, 66),
	(323, 'Material: (5) Pico de Zú', 0, 3, 66),
	(324, 'Arma: Escudo Sangriento - 99', 1, 4, 66),
	(325, 'Material: (4) Cuerno de Dragón', 0, 5, 66),
	(326, 'Material: (6) Fragmento Ígneo', 0, 6, 66),
	(327, 'Material: (1) Joya de la Escarcha', 0, 7, 66),
	(328, 'Material: (3) Fragmento Gélido', 0, 8, 66),
	(329, 'Material: (6) Fragmento de Tormenta', 0, 9, 66),
	(330, 'Material: (2) Gema de Oscuridad', 0, 10, 66),
	(331, 'Material: (2) Armadura de Placa', 0, 11, 66),
	(332, 'Material: (1) Placa Resistente', 0, 12, 66),
	(333, 'Material: (3) Pico de Zú', 0, 13, 66),
	(334, 'Arma: Égida - 120', 1, 14, 66),
	(335, 'Material: (2) Meteoritos', 0, 15, 66),
	(336, 'Material: (6) Pico de Zú', 0, 16, 66),
	(337, 'SET (Mixto)', 1, 1, 67),
	(338, 'Katana - Mumeito (1)', 0, 2, 67),
	(339, 'Mazo - Mjolnir', 0, 3, 67),
	(340, 'Lanza - Bigote de Dragón (1)', 0, 4, 67),
	(341, 'Escudo - Égida', 0, 5, 67),
	(342, 'SET (Físico)', 1, 6, 67),
	(343, 'Katana - Mumeito (2)', 0, 7, 67),
	(344, 'Lanza - Bigote de Dragón (2)', 0, 8, 67),
	(345, 'Lanza - Bigote de Dragón (1)', 0, 9, 67),
	(346, 'Escudo - Égida', 0, 10, 67),
	(347, 'Boatman Coin #1', 1, 1, 68),
	(348, 'Boatman Coin #2', 1, 2, 68),
	(349, 'Boatman Coin #3', 1, 3, 68),
	(350, 'Boatman Coin #4', 1, 4, 68),
	(351, 'Boatman Coin #6', 1, 5, 68),
	(352, 'Boatman Coin #7', 1, 6, 68),
	(353, 'Boatman Coin #8', 1, 7, 68),
	(354, 'Boatman Coin #14', 1, 8, 68),
	(355, 'Boatman Coin #15', 1, 9, 68),
	(356, 'Boatman Coin #16', 1, 10, 68),
	(357, 'Boatman Coin #17', 1, 11, 68),
	(358, 'Boatman Coin #18', 1, 12, 68),
	(359, 'Boatman Coin #19', 1, 13, 68),
	(360, 'Boatman Coin #20', 1, 14, 68),
	(361, 'Boatman Coin #41', 1, 15, 68),
	(362, 'Boatman Coin #42', 1, 16, 68),
	(363, 'Boatman Coin #43', 1, 17, 68),
	(364, 'Book of the Dead Page #1', 1, 18, 68),
	(365, 'Book of the Dead Page #2', 1, 19, 68),
	(366, 'Book of the Dead Page #22', 1, 20, 68),
	(367, 'Book of the Dead Page #35', 1, 21, 68),
	(368, 'Stone of Power #1', 1, 22, 68),
	(369, 'Stone of Power #2', 1, 23, 68),
	(370, 'Stone of Power #5', 1, 24, 68),
	(371, 'Stone of Mystic #1', 1, 25, 68),
	(372, 'Stone of Mystic #2', 1, 26, 68),
	(373, 'Stone of Mystic #3', 1, 27, 68),
	(374, 'Stone of Mystic #5', 1, 28, 68),
	(375, 'Stone of Mystic #6', 1, 29, 68),
	(376, 'Stone of Mystic #7', 1, 30, 68),
	(377, 'Stone of Mystic #8', 1, 31, 68),
	(378, 'Stone of Mystic #9', 1, 32, 68),
	(379, 'Stone of Mystic #10', 1, 33, 68),
	(380, 'Stone of Mystic #11', 1, 34, 68),
	(381, 'Stone of Mystic #15', 1, 35, 68),
	(382, 'Stone of Resistance #9', 1, 36, 68),
	(383, 'Boatman Coin #9', 1, 1, 69),
	(384, 'Boatman Coin #10', 1, 2, 69),
	(385, 'Boatman Coin #11', 1, 3, 69),
	(386, 'Boatman Coin #12', 1, 4, 69),
	(387, 'Boatman Coin #13', 1, 5, 69),
	(388, 'Book of the Dead Page #3', 1, 6, 69),
	(389, 'Book of the Dead Page #4', 1, 7, 69),
	(390, 'Stone of Mystic #12', 1, 1, 70),
	(391, 'Book of the Dead Page #5', 1, 2, 70),
	(392, 'Book of the Dead Page #6', 1, 3, 70),
	(393, 'Boatman Coin #21', 1, 4, 70),
	(394, 'Boatman Coin #22', 1, 5, 70),
	(395, 'Boatman Coin #23', 1, 6, 70),
	(396, 'Boatman Coin #24', 1, 7, 70),
	(397, 'Boatman Coin #25', 1, 8, 70),
	(398, 'Stone of Resistance #1', 1, 1, 71),
	(399, 'Book of the Dead Page #10', 1, 2, 71),
	(400, 'Boatman Coin #35', 1, 3, 71),
	(401, 'Boatman Coin #36', 1, 4, 71),
	(402, 'Boatman Coin #37', 1, 5, 71),
	(403, 'Boatman Coin #38', 1, 6, 71),
	(404, 'Boatman Coin #39', 1, 7, 71),
	(405, 'Stone of Power #3', 1, 1, 72),
	(406, 'Stone of Mystic #14', 1, 2, 72),
	(407, 'Book of the Dead Page #8', 1, 3, 72),
	(408, 'Book of the Dead Page #9', 1, 4, 72),
	(409, 'Boatman Coin #29', 1, 5, 72),
	(410, 'Boatman Coin #30', 1, 6, 72),
	(411, 'Boatman Coin #31', 1, 7, 72),
	(412, 'Boatman Coin #32', 1, 8, 72),
	(413, 'Boatman Coin #33', 1, 9, 72),
	(414, 'Stone of Mystic #13', 1, 1, 73),
	(415, 'Book of the Dead Page #11', 1, 2, 73),
	(416, 'Boatman Coin #5', 1, 3, 73),
	(417, 'Boatman Coin #27', 1, 4, 73),
	(418, 'Boatman Coin #28', 1, 5, 73),
	(419, 'Boatman Coin #40', 1, 6, 73),
	(420, 'Boatman Coin #44', 1, 1, 74),
	(421, 'Book of the Dead Page #13', 1, 2, 74),
	(422, 'Boatman Coin #26', 1, 1, 75),
	(423, 'Book of the Dead Page #7', 1, 2, 75),
	(424, 'Boatman Coin #94', 1, 1, 76),
	(425, 'Book of the Dead Page #12', 1, 2, 76),
	(426, 'Stone of Power #4', 1, 3, 76),
	(427, 'GnoMADs Gnome #3', 1, 4, 76),
	(428, 'Boatman Coin #34', 1, 1, 77),
	(429, 'Stone of Mystic #4', 1, 2, 77),
	(430, 'Boatman Coin #49', 1, 1, 78),
	(431, 'Boatman Coin #50', 1, 2, 78),
	(432, 'Boatman Coin #51', 1, 3, 78),
	(433, 'Boatman Coin #56', 1, 4, 78),
	(434, 'Boatman Coin #57', 1, 5, 78),
	(435, 'Boatman Coin #62', 1, 6, 78),
	(436, 'Boatman Coin #63', 1, 7, 78),
	(437, 'Boatman Coin #64', 1, 8, 78),
	(438, 'Boatman Coin #100', 1, 9, 78),
	(439, 'Relic Renagoth #2', 1, 10, 78),
	(440, 'Relic Renagoth #3', 1, 11, 78),
	(441, 'Relic Etu-Goth #1', 1, 12, 78),
	(442, 'Relic Etu-Goth #7', 1, 13, 78),
	(443, 'Relic Khagoth #1', 1, 14, 78),
	(444, 'Stone of Power #7', 1, 15, 78),
	(445, 'Stone of Power #10', 1, 16, 78),
	(446, 'Stone of Power #11', 1, 17, 78),
	(447, 'Stone of Power #25', 1, 18, 78),
	(448, 'Book of the Dead Page #14', 1, 19, 78),
	(449, 'Book of the Dead Page #18', 1, 20, 78),
	(450, 'Stone of Mystic #16', 1, 21, 78),
	(451, 'Stone of Mystic #20', 1, 22, 78),
	(452, 'Stone of Mystic #34', 1, 23, 78),
	(453, 'Soul Arbiters Scroll #8', 1, 24, 78),
	(454, 'Soul Arbiters Scroll #20', 1, 25, 78),
	(455, 'Soul Arbiters Scroll #5', 1, 26, 78),
	(456, 'Stone of Resistance #4', 1, 27, 78),
	(457, 'Boatman Coin #68', 1, 1, 79),
	(458, 'Boatman Coin #69', 1, 2, 79),
	(459, 'Stone of Mystic #24', 1, 3, 79),
	(460, 'Soul Arbiters Scroll #11', 1, 4, 79),
	(461, 'Soul Arbiters Scroll #12', 1, 5, 79),
	(462, 'Boatman Coin #47', 1, 1, 80),
	(463, 'Boatman Coin #48', 1, 2, 80),
	(464, 'Stone of Resistance #3', 1, 3, 80),
	(465, 'Boatman Coin #70', 1, 1, 81),
	(466, 'Boatman Coin #71', 1, 2, 81),
	(467, 'Boatman Coin #72', 1, 3, 81),
	(468, 'Boatman Coin #73', 1, 4, 81),
	(469, 'Book of the Dead Page #23', 1, 5, 81),
	(470, 'Book of the Dead Page #24', 1, 6, 81),
	(471, 'Book of the Dead Page #25', 1, 7, 81),
	(472, 'Book of the Dead Page #26', 1, 8, 81),
	(473, 'Stone of Power #14', 1, 9, 81),
	(474, 'Stone of Resistance #5', 1, 10, 81),
	(475, 'GnoMADs Gnome #1', 1, 11, 81),
	(476, 'Soul Arbiters Scroll #13', 1, 12, 81),
	(477, 'Soul Arbiters Scroll #14', 1, 13, 81),
	(478, 'Relic Etu-Goth #10', 1, 14, 81),
	(479, 'Relic Renagoth #5', 1, 15, 81),
	(480, 'Boatman Coin #52', 1, 1, 82),
	(481, 'Stone of Resistance #2', 1, 2, 82),
	(482, 'Relic Etu-Goth #4', 1, 3, 82),
	(483, 'Boatman Coin #53', 1, 1, 83),
	(484, 'Boatman Coin #54', 1, 2, 83),
	(485, 'Boatman Coin #55', 1, 3, 83),
	(486, 'Book of the Dead Page #15', 1, 4, 83),
	(487, 'Stone of Mystic #17', 1, 5, 83),
	(488, 'Stone of Mystic #18', 1, 6, 83),
	(489, 'Stone of Mystic #19', 1, 7, 83),
	(490, 'Stone of Power #8', 1, 8, 83),
	(491, 'Soul Arbiters Scroll #3', 1, 9, 83),
	(492, 'Soul Arbiters Scroll #4', 1, 10, 83),
	(493, 'Relic Renagoth #1', 1, 11, 83),
	(494, 'Relic Etu-Goth #3', 1, 12, 83),
	(495, 'Boatman Coin #65', 1, 1, 84),
	(496, 'Boatman Coin #66', 1, 2, 84),
	(497, 'Boatman Coin #67', 1, 3, 84),
	(498, 'Book of the Dead Page #19', 1, 4, 84),
	(499, 'Book of the Dead Page #20', 1, 5, 84),
	(500, 'Book of the Dead Page #21', 1, 6, 84),
	(501, 'Stone of Mystic #22', 1, 7, 84),
	(502, 'Stone of Power #12', 1, 8, 84),
	(503, 'Soul Arbiters Scroll #9', 1, 9, 84),
	(504, 'Soul Arbiters Scroll #10', 1, 10, 84),
	(505, 'Relic Etu-Goth #8', 1, 11, 84),
	(506, 'Relic Khagoth #2', 1, 12, 84),
	(507, 'Boatman Coin #45', 1, 1, 85),
	(508, 'Boatman Coin #46', 1, 2, 85),
	(509, 'Stone of Power #6', 1, 3, 85),
	(510, 'Relic Etu-Goth #2', 1, 4, 85),
	(511, 'Soul Arbiters Scroll #1', 1, 5, 85),
	(512, 'Soul Arbiters Scroll #2', 1, 6, 85),
	(513, 'Boatman Coin #59', 1, 1, 86),
	(514, 'Boatman Coin #60', 1, 2, 86),
	(515, 'Boatman Coin #61', 1, 3, 86),
	(516, 'Stone of Power #9', 1, 4, 86),
	(517, 'Relic Etu-Goth #6', 1, 5, 86),
	(518, 'Book of the Dead Page #16', 1, 6, 86),
	(519, 'Book of the Dead Page #17', 1, 7, 86),
	(520, 'Stone of Mystic #21', 1, 8, 86),
	(521, 'Soul Arbiters Scroll #6', 1, 9, 86),
	(522, 'Soul Arbiters Scroll #7', 1, 10, 86),
	(523, 'Stone of Mystic #23', 1, 1, 87),
	(524, 'Relic Etu-Goth #9', 1, 2, 87),
	(525, 'Relic Renagoth #4', 1, 3, 87),
	(526, 'Boatman Coin #58', 1, 1, 88),
	(527, 'Stone of Power #13', 1, 2, 88),
	(528, 'Relic Etu-Goth #5', 1, 3, 88),
	(529, 'Relic Renagoth #6', 1, 1, 89),
	(530, 'Relic Etu-Goth #11', 1, 2, 89),
	(531, 'Book of the Dead Page #27', 1, 3, 89),
	(532, 'Stone of Power #15', 1, 4, 89),
	(533, 'Stone of Mystic #25', 1, 5, 89),
	(534, 'Stone of Mystic #26', 1, 6, 89),
	(535, 'Stone of Mystic #27', 1, 7, 89),
	(536, 'Boatman Coin #74', 1, 8, 89),
	(537, 'Boatman Coin #75', 1, 9, 89),
	(538, 'Boatman Coin #76', 1, 10, 89),
	(539, 'Boatman Coin #84', 1, 11, 89),
	(540, 'Boatman Coin #85', 1, 12, 89),
	(541, 'Boatman Coin #77', 1, 1, 90),
	(542, 'Boatman Coin #78', 1, 2, 90),
	(543, 'Boatman Coin #79', 1, 3, 90),
	(544, 'Boatman Coin #80', 1, 4, 90),
	(545, 'Boatman Coin #81', 1, 5, 90),
	(546, 'Boatman Coin #82', 1, 6, 90),
	(547, 'Boatman Coin #83', 1, 7, 90),
	(548, 'Book of the Dead Page #28', 1, 8, 90),
	(549, 'Book of the Dead Page #29', 1, 9, 90),
	(550, 'Book of the Dead Page #30', 1, 10, 90),
	(551, 'Book of the Dead Page #31', 1, 11, 90),
	(552, 'Book of the Dead Page #32', 1, 12, 90),
	(553, 'Stone of Mystic #28', 1, 13, 90),
	(554, 'Stone of Mystic #29', 1, 14, 90),
	(555, 'Stone of Mystic #30', 1, 15, 90),
	(556, 'Stone of Mystic #31', 1, 16, 90),
	(557, 'Stone of Power #16', 1, 17, 90),
	(558, 'Stone of Power #17', 1, 18, 90),
	(559, 'Stone of Resistance #6', 1, 19, 90),
	(560, 'Soul Arbiters Scroll #15', 1, 20, 90),
	(561, 'Soul Arbiters Scroll #16', 1, 21, 90),
	(562, 'Relic Etu-Goth #12', 1, 22, 90),
	(563, 'Relic Renagoth #7', 1, 23, 90),
	(564, 'Relic Renagoth #8', 1, 24, 90),
	(565, 'Trapped Hellguard #1', 1, 25, 90),
	(566, 'Trapped Hellguard #2', 1, 26, 90),
	(567, 'Trapped Hellguard #3', 1, 27, 90),
	(568, 'Trapped Hellguard #4', 1, 28, 90),
	(569, 'Trapped Hellguard #5', 1, 29, 90),
	(570, 'Trapped Hellguard #6', 1, 30, 90),
	(571, 'Trapped Hellguard #7', 1, 31, 90),
	(572, 'Trapped Hellguard #8', 1, 32, 90),
	(573, 'Trapped Hellguard #9', 1, 33, 90),
	(574, 'Trapped Hellguard #10', 1, 34, 90),
	(575, 'Boatman Coin #86', 1, 1, 91),
	(576, 'Boatman Coin #87', 1, 2, 91),
	(577, 'Boatman Coin #88', 1, 3, 91),
	(578, 'Boatman Coin #89', 1, 4, 91),
	(579, 'Boatman Coin #90', 1, 5, 91),
	(580, 'Boatman Coin #91', 1, 6, 91),
	(581, 'Boatman Coin #92', 1, 7, 91),
	(582, 'Boatman Coin #93', 1, 8, 91),
	(583, 'Book of the Dead Page #33', 1, 9, 91),
	(584, 'Book of the Dead Page #34', 1, 10, 91),
	(585, 'Stone of Mystic #32', 1, 11, 91),
	(586, 'Stone of Mystic #33', 1, 12, 91),
	(587, 'Stone of Power #18', 1, 13, 91),
	(588, 'Stone of Power #19', 1, 14, 91),
	(589, 'Stone of Resistance #7', 1, 15, 91),
	(590, 'Stone of Resistance #8', 1, 16, 91),
	(591, 'Soul Arbiters Scroll #17', 1, 17, 91),
	(592, 'Relic Etu-Goth #13', 1, 18, 91),
	(593, 'Relic Etu-Goth #14', 1, 19, 91),
	(594, 'Relic Khagoth #3', 1, 20, 91),
	(595, 'GnoMADs Gnome #2', 1, 21, 91),
	(596, 'Relic Khagoth #4', 1, 1, 92),
	(597, 'Relic Khagoth #5', 1, 2, 92),
	(598, 'Book of the Dead Page #36', 1, 3, 92),
	(599, 'Stone of Power #23', 1, 4, 92),
	(600, 'Stone of Power #24', 1, 5, 92),
	(601, 'Boatman Coin #95', 1, 1, 93),
	(602, 'Boatman Coin #96', 1, 2, 93),
	(603, 'Boatman Coin #97', 1, 3, 93),
	(604, 'Boatman Coin #98', 1, 4, 93),
	(605, 'Boatman Coin #99', 1, 5, 93),
	(606, 'Book of the Dead Page #37', 1, 6, 93),
	(607, 'Book of the Dead Page #38', 1, 7, 93),
	(608, 'Book of the Dead Page #39', 1, 8, 93),
	(609, 'Book of the Dead Page #40', 1, 9, 93),
	(610, 'Stone of Power #20', 1, 10, 93),
	(611, 'Stone of Power #21', 1, 11, 93),
	(612, 'Stone of Power #22', 1, 12, 93),
	(613, 'Stone of Resistance #10', 1, 13, 93),
	(614, 'GnoMADs Gnome #4', 1, 14, 93),
	(615, 'Soul Arbiters Scroll #18', 1, 15, 93),
	(616, 'Soul Arbiters Scroll #19', 1, 16, 93),
	(617, 'Relic Etu-Goth #15', 1, 17, 93),
	(618, '(F) La decimoquinta Guerra de Lindblum fue en 1600', 1, 1, 94),
	(619, '(V) El bosque de los Chocobos esta entre Lindblum y la Puerta Sur', 1, 2, 94),
	(620, '(F) El barco teatro Prima Vista fue hecho por los Astilleros Aubert', 1, 3, 94),
	(621, '(F) Quiero ser tu canario es una obra de Lord Eibon', 1, 4, 94),
	(622, '(V) Los taxis neumaticos de Lindblum funcionan las 24 horas del dia', 1, 5, 94),
	(623, '(V) Existen Mu amistosos que no atacan', 1, 6, 94),
	(624, '(V) El Castillo de Lindblum es mas grande que el de Alexandria', 1, 7, 94),
	(625, '(F) El Pasaje de los Fosiles une Treno y Alexandria', 1, 8, 94),
	(626, '(V) El barco teatro Prima Vista utiliza un motor a niebla', 1, 9, 94),
	(627, '(V) El carro de hierro Berkmea fue inaugurado hace 8 años', 1, 10, 94),
	(628, '(F) Conde Petie es un pueblo de duendes', 1, 11, 94),
	(629, '(F) Se dice que el popodori es un ave que trae riqueza', 1, 12, 94),
	(630, '(V) El Cafe Bella Carta de Treno es un local privado', 1, 13, 94),
	(631, '(F) Prima Vista significa el estreno de una obra', 1, 14, 94),
	(632, '(F) En el mundo solo hay un desierto', 1, 15, 94),
	(633, '(V) Es posible derrotarme a mi, el Ragtime', 1, 16, 94),
	(634, '(V) La Guerra de Lindblum comenzo en 1500', 1, 17, 94)
GO
SET IDENTITY_INSERT GJ_Aventuras OFF
GO

SET IDENTITY_INSERT GJ_AventurasImg ON
GO
INSERT INTO GJ_AventurasImg
	(Id, Img, Orden, Id_Aventura)
VALUES
	(1, 'cc_frame_arnian_wood.webp', 1, 5),
	(2, 'cc_frame_simple_line.webp', 2, 5),
	(3, 'cc_frame_iron_plate.webp', 3, 5),
	(4, 'cc_final_01.webp', 1, 6),
	(5, 'cc_adv_03_01.webp', 1, 10),
	(6, 'cc_frame_shellfish.webp', 2, 10),
	(7, 'cc_adv_03_02.webp', 1, 11),
	(8, 'cc_adv_03_03.webp', 2, 11),
	(9, 'cc_item_komodo_scale.webp', 3, 11),
	(10, 'cc_adv_03_04.webp', 4, 11),
	(11, 'cc_adv_03_05.webp', 1, 12),
	(12, 'cc_item_shark_tooth.webp', 2, 12),
	(13, 'cc_adv_03_06.webp', 1, 13),
	(14, 'cc_item_heckran.webp', 2, 13),
	(15, 'cc_adv_03_07.webp', 1, 14),
	(16, 'cc_adv_04_01.webp', 1, 18),
	(17, 'cc_adv_04_02.webp', 2, 18),
	(18, 'cc_adv_04_03.webp', 3, 18),
	(19, 'cc_adv_05_01.webp', 1, 22),
	(20, 'cc_adv_05_02.webp', 2, 22),
	(21, 'cc_adv_05_03.webp', 1, 23),
	(22, 'cc_adv_05_04.webp', 2, 23),
	(23, 'cc_adv_05_05.webp', 3, 23),
	(24, 'cc_adv_05_06.webp', 1, 24),
	(25, 'cc_adv_05_07.webp', 2, 24),
	(26, 'cc_adv_05_08.webp', 1, 25),
	(27, 'cc_adv_05_09.webp', 2, 25),
	(28, 'cc_adv_06_01.webp', 1, 26),
	(29, 'cc_item_safety_gear.webp', 2, 26),
	(30, 'cc_adv_07_01.webp', 1, 28),
	(31, 'cc_adv_07_02.webp', 2, 28),
	(32, 'cc_item_heavy_skull.webp', 3, 28),
	(33, 'cc_adv_07_03.webp', 1, 29),
	(34, 'cc_adv_07_04.webp', 2, 29),
	(35, 'cc_item_bellflower.webp', 3, 29),
	(36, 'cc_adv_07_05.webp', 1, 30),
	(37, 'cc_item_big_egg.webp', 2, 30),
	(38, 'cc_adv_08_01.webp', 1, 32),
	(39, 'cc_adv_08_02.webp', 2, 32),
	(40, 'cc_adv_08_03.webp', 3, 32),
	(41, 'cc_item_tele_porter.webp', 4, 32),
	(42, 'cc_adv_08_04.webp', 1, 33),
	(43, 'cc_frame_tea_for_three.webp', 2, 33),
	(44, 'cc_adv_08_05.webp', 1, 34),
	(45, 'cc_adv_08_06.webp', 2, 34),
	(46, 'cc_adv_08_07.webp', 1, 36),
	(47, 'cc_adv_08_08.webp', 2, 36),
	(48, 'cc_adv_08_09.webp', 3, 36),
	(49, 'cc_adv_08_10.webp', 1, 37),
	(50, 'cc_adv_08_11.webp', 2, 37),
	(51, 'cc_item_heros_medal.webp', 3, 37),
	(52, 'cc_adv_08_12.webp', 4, 37),
	(53, 'cc_adv_08_13.webp', 5, 37),
	(54, 'cc_adv_08_14.webp', 1, 38),
	(55, 'cc_adv_08_15.webp', 2, 38),
	(56, 'cc_adv_08_16.webp', 3, 38),
	(57, 'cc_adv_08_17.webp', 4, 38),
	(58, 'cc_item_angry_scapula.webp', 5, 38),
	(59, 'cc_adv_08_18.webp', 6, 38),
	(60, 'cc_item_aroma_pouch.webp', 7, 38),
	(61, 'cc_frame_skullduggery.webp', 8, 38),
	(62, 'cc_adv_08_19.webp', 9, 38),
	(63, 'cc_adv_08_20.webp', 10, 38),
	(64, 'cc_final_02.webp', 1, 39),
	(65, 'cc_adv_10_01.webp', 1, 41),
	(66, 'cc_adv_10_02.webp', 2, 41),
	(67, 'cc_item_manor_key.webp', 3, 41),
	(68, 'cc_item_time_shifter.webp', 1, 42),
	(69, 'cc_adv_11_01.webp', 1, 43),
	(70, 'cc_adv_11_02.webp', 1, 45),
	(71, 'cc_adv_11_03.webp', 2, 45),
	(72, 'cc_adv_11_04.webp', 1, 48),
	(73, 'cc_adv_11_05.webp', 2, 48),
	(74, 'cc_adv_11_06.webp', 3, 48),
	(75, 'cc_adv_11_07.webp', 4, 48),
	(76, 'cc_adv_11_08.webp', 1, 49),
	(77, 'cc_item_decor_shield.webp', 2, 49),
	(78, 'cc_adv_11_09.webp', 3, 49),
	(79, 'cc_adv_11_10.webp', 4, 49),
	(80, 'cc_adv_11_11.webp', 1, 52),
	(81, 'cc_adv_11_12.webp', 2, 52),
	(82, 'cc_frame_porres_furnace.webp', 3, 52),
	(83, 'cc_adv_11_13.webp', 1, 55),
	(84, 'cc_adv_11_14.webp', 2, 55),
	(85, 'cc_final_03.webp', 1, 56),
	(86, 'cc_adv_13_01.webp', 1, 59),
	(87, 'cc_item_astral_amulet.webp', 2, 59),
	(88, 'cc_adv_13_02.webp', 1, 60),
	(89, 'cc_adv_13_03.webp', 2, 60),
	(90, 'cc_item_green_tinkler.webp', 3, 60),
	(91, 'cc_adv_13_04.webp', 1, 61),
	(92, 'cc_adv_13_07.webp', 2, 61),
	(93, 'cc_adv_13_08.webp', 3, 61),
	(94, 'cc_adv_13_09.webp', 4, 61),
	(95, 'cc_adv_13_10.webp', 5, 61),
	(96, 'cc_adv_13_11.webp', 6, 61),
	(97, 'cc_adv_15_01.webp', 7, 61),
	(98, 'cc_adv_13_12.webp', 8, 61),
	(99, 'cc_adv_13_13.webp', 9, 61),
	(100, 'cc_frame_tropical_paradise.webp', 10, 61),
	(101, 'cc_adv_13_05.webp', 1, 62),
	(102, 'cc_adv_13_06.webp', 2, 62),
	(103, 'cc_adv_13_09.webp', 3, 62),
	(104, 'cc_adv_14_01.webp', 4, 62),
	(105, 'cc_adv_13_14.webp', 5, 62),
	(106, 'cc_adv_13_15.webp', 6, 62),
	(107, 'cc_adv_13_16.webp', 7, 62),
	(108, 'cc_adv_13_17.webp', 8, 62),
	(109, 'cc_adv_13_18.webp', 9, 62),
	(110, 'cc_frame_guldovian_stitch.webp', 10, 62),
	(111, 'cc_adv_14_01.webp', 1, 64),
	(112, 'cc_adv_14_02.webp', 2, 64),
	(113, 'cc_item_beeba_flute.webp', 3, 64),
	(114, 'cc_adv_14_03.webp', 4, 64),
	(115, 'cc_adv_14_04.webp', 1, 65),
	(116, 'cc_adv_14_05.webp', 1, 66),
	(117, 'cc_adv_14_06.webp', 2, 66),
	(118, 'cc_adv_14_07.webp', 3, 66),
	(119, 'cc_adv_14_08.webp', 4, 66),
	(120, 'cc_item_hydra_humour.webp', 5, 66),
	(121, 'cc_adv_15_01.webp', 1, 68),
	(122, 'cc_adv_15_02.webp', 2, 68),
	(123, 'cc_adv_15_03.webp', 1, 69),
	(124, 'cc_adv_15_04.webp', 2, 69),
	(125, 'cc_adv_15_05.webp', 1, 70),
	(126, 'cc_adv_16_01.webp', 1, 72),
	(127, 'cc_item_pelvic_bone.webp', 2, 72),
	(128, 'cc_adv_16_02.webp', 1, 73),
	(129, 'cc_adv_16_03.webp', 2, 73),
	(130, 'cc_adv_16_04.webp', 1, 74),
	(131, 'cc_adv_16_05.webp', 2, 74),
	(132, 'cc_adv_16_06.webp', 3, 74),
	(133, 'cc_adv_16_07.webp', 4, 74),
	(134, 'cc_adv_17_01.webp', 1, 75),
	(135, 'cc_item_book_of_poems.webp', 2, 75),
	(136, 'cc_adv_17_02.webp', 1, 77),
	(137, 'cc_adv_17_03.webp', 2, 77),
	(138, 'cc_item_ice_breath.webp', 3, 77),
	(139, 'cc_adv_17_04.webp', 4, 77),
	(140, 'cc_adv_17_05.webp', 1, 78),
	(141, 'cc_adv_17_06.webp', 1, 79),
	(142, 'cc_adv_17_07.webp', 2, 79),
	(143, 'cc_adv_18_01.webp', 1, 82),
	(144, 'cc_adv_18_02.webp', 2, 82),
	(145, 'cc_adv_18_03.webp', 3, 82),
	(146, 'cc_adv_18_04.webp', 4, 82),
	(147, 'cc_final_04.webp', 1, 83),
	(148, 'cc_item_relief_charm.webp', 2, 83),
	(149, 'cc_adv_20_01.webp', 1, 86),
	(150, 'cc_adv_20_02.webp', 2, 86),
	(151, 'cc_adv_21_01.webp', 1, 90),
	(152, 'cc_adv_21_02.webp', 2, 90),
	(153, 'cc_final_05.webp', 1, 91),
	(154, 'cc_adv_23_01.webp', 1, 93),
	(155, 'cc_adv_23_02.webp', 2, 93),
	(156, 'cc_frame_infrared_vision.webp', 1, 94),
	(157, 'cc_adv_23_03.webp', 1, 95),
	(158, 'cc_adv_23_04.webp', 2, 95),
	(159, 'cc_adv_23_05.webp', 3, 95),
	(160, 'cc_item_smith_spirit.webp', 4, 95),
	(161, 'cc_adv_23_06.webp', 5, 95),
	(162, 'cc_adv_23_07.webp', 6, 95),
	(163, 'cc_adv_24_01.webp', 1, 96),
	(164, 'cc_adv_24_02.webp', 2, 96),
	(165, 'cc_item_mushroom.webp', 3, 96),
	(166, 'cc_adv_24_03.webp', 4, 96),
	(167, 'cc_adv_24_04.webp', 5, 96),
	(168, 'cc_adv_24_05.webp', 1, 97),
	(169, 'cc_adv_24_06.webp', 2, 97),
	(170, 'cc_adv_24_07.webp', 3, 97),
	(171, 'cc_adv_24_08.webp', 4, 97),
	(172, 'cc_adv_24_09.webp', 1, 98),
	(173, 'cc_adv_25_01.webp', 1, 99),
	(174, 'cc_adv_25_02.webp', 2, 99),
	(175, 'cc_item_star_fragment.webp', 3, 99),
	(176, 'cc_adv_25_03.webp', 1, 100),
	(177, 'cc_adv_25_04.webp', 2, 100),
	(178, 'cc_frame_our_favorite_martian.webp', 3, 100),
	(179, 'cc_adv_25_05.webp', 1, 101),
	(180, 'cc_frame_valencian_cloth.webp', 2, 101),
	(181, 'cc_adv_25_06.webp', 3, 101),
	(182, 'cc_adv_26_01.webp', 1, 103),
	(183, 'cc_adv_26_02.webp', 2, 103),
	(184, 'cc_adv_26_03.webp', 3, 103),
	(185, 'cc_adv_26_04.webp', 4, 103),
	(186, 'cc_adv_26_05.webp', 1, 107),
	(187, 'cc_adv_26_06.webp', 2, 107),
	(188, 'cc_frame_monsters_mouth.webp', 3, 107),
	(189, 'cc_adv_26_07.webp', 4, 107),
	(190, 'cc_item_handle.webp', 5, 107),
	(191, 'cc_adv_26_08.webp', 6, 107),
	(192, 'cc_adv_26_09.webp', 1, 111),
	(193, 'cc_adv_26_10.webp', 2, 111),
	(194, 'cc_adv_26_11.webp', 3, 111),
	(195, 'cc_item_fiddler_crab.webp', 4, 111),
	(196, 'cc_adv_26_12.webp', 5, 111),
	(197, 'cc_adv_26_13.webp', 6, 111),
	(198, 'cc_adv_26_14.webp', 7, 111),
	(199, 'cc_adv_27_01.webp', 1, 113),
	(200, 'cc_adv_27_02.webp', 2, 113),
	(201, 'cc_adv_27_03.webp', 3, 113),
	(202, 'cc_adv_27_04.webp', 4, 113),
	(203, 'cc_adv_27_05.webp', 5, 113),
	(204, 'cc_item_garais_keepsake.webp', 6, 113),
	(205, 'cc_adv_28_01.webp', 1, 116),
	(206, 'cc_adv_28_02.webp', 2, 116),
	(207, 'cc_item_einlanzer.webp', 3, 116),
	(208, 'cc_adv_28_03.webp', 4, 116),
	(209, 'cc_adv_29_01.webp', 1, 118),
	(210, 'cc_item_station_pass.webp', 2, 118),
	(211, 'cc_adv_29_02.webp', 3, 118),
	(212, 'cc_item_medical_book.webp', 4, 118),
	(213, 'cc_adv_29_03.webp', 1, 119),
	(214, 'cc_item_prop_sword.webp', 2, 119),
	(215, 'cc_adv_30_01.webp', 1, 122),
	(216, 'cc_adv_30_02.webp', 2, 122),
	(217, 'cc_item_life_sparkle.webp', 3, 122),
	(218, 'cc_adv_30_03.webp', 4, 122),
	(219, 'cc_item_good_backbone.webp', 5, 122),
	(220, 'cc_adv_30_04.webp', 1, 123),
	(221, 'cc_adv_30_05.webp', 2, 123),
	(222, 'cc_item_tear_of_hate.webp', 3, 123),
	(223, 'cc_adv_30_06.webp', 4, 123),
	(224, 'cc_adv_31_01.webp', 1, 126),
	(225, 'cc_item_prison_key.webp', 2, 126),
	(226, 'cc_adv_31_02.webp', 1, 127),
	(227, 'cc_item_parlor_key.webp', 2, 127),
	(228, 'cc_adv_31_03.webp', 1, 131),
	(229, 'cc_adv_31_04.webp', 2, 131),
	(230, 'cc_adv_31_05.webp', 3, 131),
	(231, 'cc_adv_31_06.webp', 4, 131),
	(232, 'cc_adv_31_07.webp', 1, 135),
	(233, 'cc_adv_31_08.webp', 2, 135),
	(234, 'cc_final_06.webp', 1, 136),
	(235, 'cc_adv_33_01.webp', 1, 138),
	(236, 'cc_item_sapphire_brooch.webp', 2, 138),
	(237, 'cc_adv_33_02.webp', 3, 138),
	(238, 'cc_adv_33_03.webp', 4, 138),
	(239, 'cc_adv_33_04.webp', 1, 139),
	(240, 'cc_item_sturdy_ribs.webp', 2, 139),
	(241, 'cc_adv_33_05.webp', 1, 140),
	(242, 'cc_item_mixed_bones.webp', 2, 140),
	(243, 'cc_adv_33_06.webp', 1, 141),
	(244, 'cc_adv_33_07.webp', 2, 141),
	(245, 'cc_adv_34_01.webp', 1, 143),
	(246, 'cc_adv_34_02.webp', 2, 143),
	(247, 'cc_adv_34_03.webp', 3, 143),
	(248, 'cc_adv_34_04.webp', 4, 143),
	(249, 'cc_final_07.webp', 1, 144),
	(250, 'cc_adv_37_01.webp', 1, 153),
	(251, 'cc_adv_37_02.webp', 2, 153),
	(252, 'cc_adv_37_03.webp', 1, 154),
	(253, 'cc_adv_37_04.webp', 2, 154),
	(254, 'cc_adv_37_05.webp', 3, 154),
	(255, 'cc_adv_37_06.webp', 1, 155),
	(256, 'cc_item_ancient_fruit.webp', 2, 155),
	(257, 'cc_adv_38_01.webp', 1, 157),
	(258, 'cc_adv_38_02.webp', 2, 157),
	(259, 'cc_adv_38_03.webp', 1, 158),
	(260, 'cc_item_green_relic.webp', 2, 158),
	(261, 'cc_adv_38_04.webp', 3, 158),
	(262, 'cc_adv_39_01.webp', 1, 160),
	(263, 'cc_adv_39_02.webp', 2, 160),
	(264, 'cc_item_blue_relic.webp', 3, 160),
	(265, 'cc_adv_40_01.webp', 1, 162),
	(266, 'cc_adv_40_02.webp', 2, 162),
	(267, 'cc_adv_40_03.webp', 3, 162),
	(268, 'cc_item_explosive.webp', 4, 162),
	(269, 'cc_adv_40_04.webp', 1, 165),
	(270, 'cc_item_yellow_relic.webp', 2, 165),
	(271, 'cc_adv_41_01.webp', 1, 168),
	(272, 'cc_adv_41_02.webp', 2, 168),
	(273, 'cc_item_red_relic.webp', 3, 168),
	(274, 'cc_adv_42_01.webp', 1, 169),
	(275, 'cc_frame_quill_and_papyrus.webp', 2, 169),
	(276, 'cc_adv_42_02.webp', 1, 171),
	(277, 'cc_item_black_relic.webp', 2, 171),
	(278, 'cc_adv_43_01.webp', 1, 173),
	(279, 'cc_adv_43_02.webp', 2, 173),
	(280, 'cc_item_white_relic.webp', 3, 173),
	(281, 'cc_adv_44_01.webp', 1, 179),
	(282, 'cc_adv_45_01.webp', 1, 180),
	(283, 'cc_item_dragon_emblem.webp', 2, 180),
	(284, 'cc_adv_45_02.webp', 1, 182),
	(285, 'cc_adv_45_03.webp', 2, 182),
	(286, 'cc_item_dragon_tear.webp', 3, 182),
	(287, 'cc_adv_45_04.webp', 4, 182),
	(288, 'cc_adv_46_01.webp', 1, 187),
	(289, 'cc_adv_46_02.webp', 2, 187),
	(290, 'cc_adv_46_03.webp', 3, 187),
	(291, 'cc_item_tear_of_love.webp', 4, 187),
	(292, 'cc_adv_47_01.webp', 1, 189),
	(293, 'cc_adv_47_02.webp', 2, 189),
	(294, 'cc_item_memento_pendant.webp', 3, 189),
	(295, 'cc_adv_47_03.webp', 1, 194),
	(296, 'cc_adv_47_04.webp', 2, 194),
	(297, 'cc_adv_47_05.webp', 3, 194),
	(298, 'cc_final_08.webp', 1, 195),
	(299, 'cc_adv_49_01.webp', 1, 200),
	(300, 'cc_adv_49_02.webp', 2, 200),
	(301, 'cc_adv_49_03.webp', 3, 200),
	(302, 'cc_adv_49_04.webp', 4, 200),
	(303, 'cc_adv_50_01.webp', 1, 205),
	(304, 'cc_adv_50_02.webp', 2, 205),
	(305, 'cc_adv_50_03.webp', 1, 209),
	(306, 'cc_adv_50_04.webp', 2, 209),
	(307, 'cc_item_card_key.webp', 3, 209),
	(308, 'cc_adv_50_05.webp', 4, 209),
	(309, 'cc_adv_51_01.webp', 1, 213),
	(310, 'cc_adv_51_02.webp', 2, 213),
	(311, 'cc_adv_51_03.webp', 3, 213),
	(312, 'cc_item_chrono_cross.webp', 4, 213),
	(313, 'cc_adv_52_01.webp', 1, 216),
	(314, 'cc_adv_52_02.webp', 1, 217),
	(315, 'cc_adv_52_03.webp', 2, 217),
	(316, 'cc_adv_52_04.webp', 1, 219),
	(317, 'cc_adv_52_05.webp', 2, 219),
	(318, 'cc_adv_52_06.webp', 1, 220),
	(319, 'cc_adv_52_07.webp', 2, 220),
	(320, 'cc_adv_52_08.webp', 3, 220),
	(321, 'cc_adv_53_01.webp', 1, 227),
	(322, 'cc_adv_53_02.webp', 2, 227),
	(323, 'cc_adv_53_03.webp', 3, 227),
	(324, 'cc_item_ice_gun.webp', 4, 227),
	(325, 'cc_adv_54_01.webp', 1, 230),
	(326, 'cc_final_09.webp', 1, 231),
	(327, 'cc_adv_56_01.webp', 1, 237),
	(328, 'cc_adv_56_02.webp', 2, 237),
	(329, 'cc_item_time_egg.webp', 3, 237),
	(330, 'cc_final_10.webp', 4, 237),
	(331, 'cc_adv_57_01.webp', 1, 241),
	(332, 'com_arma_bd_01.webp', 1, 269),
	(333, 'com_arma_bd_02.webp', 1, 284),
	(334, 'com_arma_mjolnir.webp', 1, 294),
	(335, 'com_arma_mumeito_01.webp', 1, 307),
	(336, 'com_arma_mumeito_02.webp', 1, 320),
	(337, 'com_arma_escudo.webp', 1, 336),
	(338, 'com_set_01_a.webp', 1, 341),
	(339, 'com_set_01_b.webp', 2, 341),
	(340, 'com_set_01_c.webp', 3, 341),
	(341, 'com_set_02_a.webp', 1, 346),
	(342, 'com_set_02_b.webp', 2, 346)
SET IDENTITY_INSERT GJ_AventurasImg OFF
GO

-- Query --------------------------------------------------------
-- --------------------------------------------------------------
SELECT * FROM GJ_Juegos
SELECT * FROM GJ_Personajes
SELECT * FROM GJ_Fuentes
SELECT * FROM GJ_FondosImg
SELECT * FROM GJ_Guias
SELECT * FROM GJ_GuiasUsuario
SELECT * FROM GJ_Aventuras
SELECT * FROM GJ_AventurasUsuario
SELECT * FROM GJ_AventurasImg

-- --------------------------------------------------------------
-- --------------------------------------------------------------
